1999,tt0149460,Futurama,(1999–2013),"
Animation, Comedy, Sci-Fi            ",8,6,nm1342828,Ashley Lenz,"(1 episode, 1999)",,,mostly_female,[]
1999,tt0149460,Futurama,(1999–2013),"
Animation, Comedy, Sci-Fi            ",8,6,nm0644021,Bill Odenkirk,,,"producer / supervising producer (59 episodes, 1999-2003)",male,[]
1999,tt0149460,Futurama,(1999–2013),"
Animation, Comedy, Sci-Fi            ",8,6,nm0767174,Chris Sauve,"(3 episodes, 1999-2000)",,,mostly_male,[]
1999,tt0149460,Futurama,(1999–2013),"
Animation, Comedy, Sci-Fi            ",8,6,nm0395489,Eric Horsted,,"(15 episodes, 1999-2013)","co-executive producer / producer (112 episodes, 1999-2013)",male,['Nom. Outstanding Animated Program (For Programming One Hour or Less) 1999']
1999,tt0149460,Futurama,(1999–2013),"
Animation, Comedy, Sci-Fi            ",8,6,nm0441656,Claudia Katz,,,"producer (124 episodes, 1999-2013)",female,['Nom. Outstanding Animated Program (For Programming One Hour or Less) 1999']
1999,tt0149460,Futurama,(1999–2013),"
Animation, Comedy, Sci-Fi            ",8,6,nm0601781,Rich Moore,"(5 episodes, 1999-2001)",,"supervising producer (1 episode, 1999)",mostly_male,['Nom. Outstanding Animated Program (For Programming One Hour or Less) 1999']
1999,tt0149460,Futurama,(1999–2013),"
Animation, Comedy, Sci-Fi            ",8,6,nm0424279,Alex Johns,,,"co-producer (72 episodes, 1999-2003)",male,['Nom. Outstanding Animated Program (For Programming One Hour or Less) 1999']
1999,tt0149460,Futurama,(1999–2013),"
Animation, Comedy, Sci-Fi            ",8,6,nm0639657,Kevin O'Brien,"(1 episode, 1999)",,,male,[]
1999,tt0149460,Futurama,(1999–2013),"
Animation, Comedy, Sci-Fi            ",8,6,nm0889405,Gregg Vanzo,"(14 episodes, 1999-2000)",,"animation executive producer (115 episodes, 1999-2013)",male,['Nom. Outstanding Animated Program (For Programming One Hour or Less) 1999']
1999,tt0149460,Futurama,(1999–2013),"
Animation, Comedy, Sci-Fi            ",8,6,nm0400423,Ron Hughart,"(10 episodes, 1999-2003)",,,male,[]
1999,tt0149460,Futurama,(1999–2013),"
Animation, Comedy, Sci-Fi            ",8,6,nm0184537,Brian J. Cowan,,,"producer / line producer (72 episodes, 1999-2003)",male,['Nom. Outstanding Animated Program (For Programming One Hour or Less) 1999']
1999,tt0149460,Futurama,(1999–2013),"
Animation, Comedy, Sci-Fi            ",8,6,nm0894890,Patric M. Verrone,,"(13 episodes, 1999-2013)","supervising producer / co-executive producer / producer (123 episodes, 1999-2013)",male,['Nom. Outstanding Animated Program (For Programming One Hour or Less) 1999']
1999,tt0149460,Futurama,(1999–2013),"
Animation, Comedy, Sci-Fi            ",8,6,nm1411697,Matt Karis,,"(6 episodes, 1999)",,male,[]
1999,tt0149460,Futurama,(1999–2013),"
Animation, Comedy, Sci-Fi            ",8,6,nm0445877,Brian Kelley,,"(1 episode, 1999)",,male,[]
1999,tt0149460,Futurama,(1999–2013),"
Animation, Comedy, Sci-Fi            ",8,6,nm0209370,Claudia De La Roca,,,"co-producer / associate producer (64 episodes, 1999-2003)",female,[]
1999,tt0149460,Futurama,(1999–2013),"
Animation, Comedy, Sci-Fi            ",8,6,nm0698795,Max Pross,,,"consulting producer (11 episodes, 1999)",male,['Nom. Outstanding Animated Program (For Programming One Hour or Less) 1999']
1999,tt0149460,Futurama,(1999–2013),"
Animation, Comedy, Sci-Fi            ",8,6,nm0122695,J. Stewart Burns,,"(8 episodes, 1999-2011)","producer / supervising producer (54 episodes, 1999-2002)",unknown,['Nom. Outstanding Animated Program (For Programming One Hour or Less) 1999']
1999,tt0149460,Futurama,(1999–2013),"
Animation, Comedy, Sci-Fi            ",8,6,nm0004981,Matt Groening,,"(created by) (124 episodes, 1999-2013)","executive producer (124 episodes, 1999-2013)",male,['Nom. Outstanding Animated Program (For Programming One Hour or Less) 1999']
1999,tt0149460,Futurama,(1999–2013),"
Animation, Comedy, Sci-Fi            ",8,6,nm0528335,Jeffrey Lynch,"(2 episodes, 1999)",,,male,[]
1999,tt0149460,Futurama,(1999–2013),"
Animation, Comedy, Sci-Fi            ",8,6,nm0444517,Ken Keeler,,"(14 episodes, 1999-2013)","executive producer / co-executive producer (124 episodes, 1999-2013)",male,['Nom. Outstanding Animated Program (For Programming One Hour or Less) 1999']
1999,tt0149460,Futurama,(1999–2013),"
Animation, Comedy, Sci-Fi            ",8,6,nm0608034,Lewis Morton,,"(12 episodes, 1999-2013)","supervising producer / producer (54 episodes, 1999-2002)",male,['Nom. Outstanding Animated Program (For Programming One Hour or Less) 1999']
1999,tt0149460,Futurama,(1999–2013),"
Animation, Comedy, Sci-Fi            ",8,6,nm1398474,Heather Lombard,,"(1 episode, 1999)",,female,[]
1999,tt0149460,Futurama,(1999–2013),"
Animation, Comedy, Sci-Fi            ",8,6,nm0259965,Mark Ervin,"(6 episodes, 1999-2002)",,,male,[]
1999,tt0149460,Futurama,(1999–2013),"
Animation, Comedy, Sci-Fi            ",8,6,nm1413695,Geraldine Symon,,,"producer: main title sequence / animation line producer / digital line producer / line producer / producer: main title (87 episodes, 1999-2013)",female,[]
1999,tt0149460,Futurama,(1999–2013),"
Animation, Comedy, Sci-Fi            ",8,6,nm0226306,Susie Dietter,"(6 episodes, 1999-2003)",,,female,['Nom. Outstanding Animated Program (For Programming One Hour or Less) 1999']
1999,tt0149460,Futurama,(1999–2013),"
Animation, Comedy, Sci-Fi            ",8,6,nm0012192,Justin Adler,,"(6 episodes, 1999)",,male,[]
1999,tt0149460,Futurama,(1999–2013),"
Animation, Comedy, Sci-Fi            ",8,6,nm0810837,Mili Smythe,,,"co-producer (72 episodes, 1999-2003)",female,['Nom. Outstanding Animated Program (For Programming One Hour or Less) 1999']
1999,tt0149460,Futurama,(1999–2013),"
Animation, Comedy, Sci-Fi            ",8,6,nm0351821,Bret Haaland,"(25 episodes, 1999-2003)",,,male,[]
1999,tt0149460,Futurama,(1999–2013),"
Animation, Comedy, Sci-Fi            ",8,6,nm0790723,Brian Sheesley,"(9 episodes, 1999-2003)",,,male,[]
1999,tt0149460,Futurama,(1999–2013),"
Animation, Comedy, Sci-Fi            ",8,6,nm0169326,David X. Cohen,,"(developed by) (124 episodes, 1999-2013)","executive producer (124 episodes, 1999-2013)",male,['Nom. Outstanding Animated Program (For Programming One Hour or Less) 1999']
1999,tt0149460,Futurama,(1999–2013),"
Animation, Comedy, Sci-Fi            ",8,6,nm0303991,Tom Gammill,,,"consulting producer (11 episodes, 1999)",male,['Nom. Outstanding Animated Program (For Programming One Hour or Less) 1999']
1999,tt0149460,Futurama,(1999–2013),"
Animation, Comedy, Sci-Fi            ",8,6,nm0042796,Peter Avanzino,"(28 episodes, 1999-2013)",,,male,[]
1999,tt0149460,Futurama,(1999–2013),"
Animation, Comedy, Sci-Fi            ",8,6,nm0639598,Jane O'Brien,,,"producer (20 episodes, 1999-2000)",female,[]
1999,tt0149460,Futurama,(1999–2013),"
Animation, Comedy, Sci-Fi            ",8,6,nm0342823,Jason Grode,,,"producer (13 episodes, 1999)",male,['Nom. Outstanding Animated Program (For Programming One Hour or Less) 1999']
1999,tt0149460,Futurama,(1999–2013),"
Animation, Comedy, Sci-Fi            ",8,6,nm0713497,Richard Raynis,,,"consulting producer (55 episodes, 1999-2002)",male,['Nom. Outstanding Animated Program (For Programming One Hour or Less) 1999']
1999,tt0149460,Futurama,(1999–2013),"
Animation, Comedy, Sci-Fi            ",8,6,nm0438235,Eric Kaplan,,"(7 episodes, 1999-2003)","producer / co-producer / supervising producer (59 episodes, 1999-2003)",male,[]
1999,tt0149460,Futurama,(1999–2013),"
Animation, Comedy, Sci-Fi            ",8,6,nm1172171,Evan Gore,,"(1 episode, 1999)",,male,[]
1999,tt0149460,Futurama,(1999–2013),"
Animation, Comedy, Sci-Fi            ",8,6,nm0046452,Carlos Baeza,"(1 episode, 1999)",,,male,[]
2000,tt0149460,Futurama,(1999–2013),"
Animation, Comedy, Sci-Fi            ",8,6,nm0644021,Bill Odenkirk,,"(5 episodes, 2000-2003)","producer / supervising producer (59 episodes, 1999-2003)",male,[]
2000,tt0149460,Futurama,(1999–2013),"
Animation, Comedy, Sci-Fi            ",8,6,nm0767174,Chris Sauve,"(3 episodes, 1999-2000)",,,mostly_male,[]
2000,tt0149460,Futurama,(1999–2013),"
Animation, Comedy, Sci-Fi            ",8,6,nm0395489,Eric Horsted,,"(15 episodes, 1999-2013)","co-executive producer / producer (112 episodes, 1999-2013)",male,[]
2000,tt0149460,Futurama,(1999–2013),"
Animation, Comedy, Sci-Fi            ",8,6,nm0441656,Claudia Katz,,,"producer (124 episodes, 1999-2013)",female,[]
2000,tt0149460,Futurama,(1999–2013),"
Animation, Comedy, Sci-Fi            ",8,6,nm0601781,Rich Moore,"(5 episodes, 1999-2001)",,,mostly_male,[]
2000,tt0149460,Futurama,(1999–2013),"
Animation, Comedy, Sci-Fi            ",8,6,nm0424279,Alex Johns,,,"co-producer (72 episodes, 1999-2003)",male,[]
2000,tt0149460,Futurama,(1999–2013),"
Animation, Comedy, Sci-Fi            ",8,6,nm0889405,Gregg Vanzo,"(14 episodes, 1999-2000)",,"animation executive producer (115 episodes, 1999-2013)",male,[]
2000,tt0149460,Futurama,(1999–2013),"
Animation, Comedy, Sci-Fi            ",8,6,nm0400423,Ron Hughart,"(10 episodes, 1999-2003)",,,male,[]
2000,tt0149460,Futurama,(1999–2013),"
Animation, Comedy, Sci-Fi            ",8,6,nm0184537,Brian J. Cowan,,,"producer / line producer (72 episodes, 1999-2003)",male,[]
2000,tt0149460,Futurama,(1999–2013),"
Animation, Comedy, Sci-Fi            ",8,6,nm0894890,Patric M. Verrone,,"(13 episodes, 1999-2013)","supervising producer / co-executive producer / producer (123 episodes, 1999-2013)",male,[]
2000,tt0149460,Futurama,(1999–2013),"
Animation, Comedy, Sci-Fi            ",8,6,nm0209370,Claudia De La Roca,,,"co-producer / associate producer (64 episodes, 1999-2003)",female,[]
2000,tt0149460,Futurama,(1999–2013),"
Animation, Comedy, Sci-Fi            ",8,6,nm0122695,J. Stewart Burns,,"(8 episodes, 1999-2011)","producer / supervising producer (54 episodes, 1999-2002)",unknown,[]
2000,tt0149460,Futurama,(1999–2013),"
Animation, Comedy, Sci-Fi            ",8,6,nm0004981,Matt Groening,,"(created by) (124 episodes, 1999-2013)","executive producer (124 episodes, 1999-2013)",male,[]
2000,tt0149460,Futurama,(1999–2013),"
Animation, Comedy, Sci-Fi            ",8,6,nm0377784,Darin Henry,,"(1 episode, 2000)",,male,[]
2000,tt0149460,Futurama,(1999–2013),"
Animation, Comedy, Sci-Fi            ",8,6,nm0444517,Ken Keeler,,"(14 episodes, 1999-2013)","executive producer / co-executive producer (124 episodes, 1999-2013)",male,[]
2000,tt0149460,Futurama,(1999–2013),"
Animation, Comedy, Sci-Fi            ",8,6,nm0608034,Lewis Morton,,"(12 episodes, 1999-2013)","supervising producer / producer (54 episodes, 1999-2002)",male,[]
2000,tt0149460,Futurama,(1999–2013),"
Animation, Comedy, Sci-Fi            ",8,6,nm1397147,Eric Rogers,,"(5 episodes, 2000-2013)",,male,[]
2000,tt0149460,Futurama,(1999–2013),"
Animation, Comedy, Sci-Fi            ",8,6,nm0521701,Chris Loudon,"(4 episodes, 2000-2001)",,,mostly_male,[]
2000,tt0149460,Futurama,(1999–2013),"
Animation, Comedy, Sci-Fi            ",8,6,nm0259965,Mark Ervin,"(6 episodes, 1999-2002)",,,male,[]
2000,tt0149460,Futurama,(1999–2013),"
Animation, Comedy, Sci-Fi            ",8,6,nm1413695,Geraldine Symon,,,"producer: main title sequence / animation line producer / digital line producer / line producer / producer: main title (87 episodes, 1999-2013)",female,[]
2000,tt0149460,Futurama,(1999–2013),"
Animation, Comedy, Sci-Fi            ",8,6,nm0226306,Susie Dietter,"(6 episodes, 1999-2003)",,,female,[]
2000,tt0149460,Futurama,(1999–2013),"
Animation, Comedy, Sci-Fi            ",8,6,nm0810837,Mili Smythe,,,"co-producer (72 episodes, 1999-2003)",female,[]
2000,tt0149460,Futurama,(1999–2013),"
Animation, Comedy, Sci-Fi            ",8,6,nm0351821,Bret Haaland,"(25 episodes, 1999-2003)",,,male,[]
2000,tt0149460,Futurama,(1999–2013),"
Animation, Comedy, Sci-Fi            ",8,6,nm0790723,Brian Sheesley,"(9 episodes, 1999-2003)",,,male,[]
2000,tt0149460,Futurama,(1999–2013),"
Animation, Comedy, Sci-Fi            ",8,6,nm0169326,David X. Cohen,,"(developed by) (124 episodes, 1999-2013)","executive producer (124 episodes, 1999-2013)",male,[]
2000,tt0149460,Futurama,(1999–2013),"
Animation, Comedy, Sci-Fi            ",8,6,nm0042796,Peter Avanzino,"(28 episodes, 1999-2013)",,,male,[]
2000,tt0149460,Futurama,(1999–2013),"
Animation, Comedy, Sci-Fi            ",8,6,nm0639598,Jane O'Brien,,,"producer (20 episodes, 1999-2000)",female,[]
2000,tt0149460,Futurama,(1999–2013),"
Animation, Comedy, Sci-Fi            ",8,6,nm0713497,Richard Raynis,,,"consulting producer (55 episodes, 1999-2002)",male,[]
2000,tt0149460,Futurama,(1999–2013),"
Animation, Comedy, Sci-Fi            ",8,6,nm0438235,Eric Kaplan,,"(7 episodes, 1999-2003)","producer / co-producer / supervising producer (59 episodes, 1999-2003)",male,[]
2001,tt0149460,Futurama,(1999–2013),"
Animation, Comedy, Sci-Fi            ",8,6,nm0644021,Bill Odenkirk,,"(5 episodes, 2000-2003)","producer / supervising producer (59 episodes, 1999-2003)",male,['Nom. Outstanding Animated Program (For Programming Less Than One Hour) 2001']
2001,tt0149460,Futurama,(1999–2013),"
Animation, Comedy, Sci-Fi            ",8,6,nm1132209,Aaron Ehasz,,"(5 episodes, 2001-2011)",,male,[]
2001,tt0149460,Futurama,(1999–2013),"
Animation, Comedy, Sci-Fi            ",8,6,nm0395489,Eric Horsted,,"(15 episodes, 1999-2013)","co-executive producer / producer (112 episodes, 1999-2013)",male,['Nom. Outstanding Animated Program (For Programming Less Than One Hour) 2001']
2001,tt0149460,Futurama,(1999–2013),"
Animation, Comedy, Sci-Fi            ",8,6,nm0918272,Ron Weiner,,"(4 episodes, 2001-2003)",,male,[]
2001,tt0149460,Futurama,(1999–2013),"
Animation, Comedy, Sci-Fi            ",8,6,nm0441656,Claudia Katz,,,"producer (124 episodes, 1999-2013)",female,['Nom. Outstanding Animated Program (For Programming Less Than One Hour) 2001']
2001,tt0149460,Futurama,(1999–2013),"
Animation, Comedy, Sci-Fi            ",8,6,nm0601781,Rich Moore,"(5 episodes, 1999-2001)",,,mostly_male,['Nom. Outstanding Animated Program (For Programming Less Than One Hour) 2001']
2001,tt0149460,Futurama,(1999–2013),"
Animation, Comedy, Sci-Fi            ",8,6,nm0424279,Alex Johns,,,"co-producer (72 episodes, 1999-2003)",male,[]
2001,tt0149460,Futurama,(1999–2013),"
Animation, Comedy, Sci-Fi            ",8,6,nm0889405,Gregg Vanzo,,,"animation executive producer (115 episodes, 1999-2013)",male,['Nom. Outstanding Animated Program (For Programming Less Than One Hour) 2001']
2001,tt0149460,Futurama,(1999–2013),"
Animation, Comedy, Sci-Fi            ",8,6,nm0400423,Ron Hughart,"(10 episodes, 1999-2003)",,,male,[]
2001,tt0149460,Futurama,(1999–2013),"
Animation, Comedy, Sci-Fi            ",8,6,nm0184537,Brian J. Cowan,,,"producer / line producer (72 episodes, 1999-2003)",male,['Nom. Outstanding Animated Program (For Programming Less Than One Hour) 2001']
2001,tt0149460,Futurama,(1999–2013),"
Animation, Comedy, Sci-Fi            ",8,6,nm0894890,Patric M. Verrone,,"(13 episodes, 1999-2013)","supervising producer / co-executive producer / producer (123 episodes, 1999-2013)",male,['Nom. Outstanding Animated Program (For Programming Less Than One Hour) 2001']
2001,tt0149460,Futurama,(1999–2013),"
Animation, Comedy, Sci-Fi            ",8,6,nm0330751,Kristin Gore,,"(3 episodes, 2001-2002)",,female,[]
2001,tt0149460,Futurama,(1999–2013),"
Animation, Comedy, Sci-Fi            ",8,6,nm0209370,Claudia De La Roca,,,"co-producer / associate producer (64 episodes, 1999-2003)",female,[]
2001,tt0149460,Futurama,(1999–2013),"
Animation, Comedy, Sci-Fi            ",8,6,nm0592546,David Mirsky,,"(26 episodes, 2001-2003)",,male,[]
2001,tt0149460,Futurama,(1999–2013),"
Animation, Comedy, Sci-Fi            ",8,6,nm0891551,Dan Vebber,,"(10 episodes, 2001-2013)",,male,[]
2001,tt0149460,Futurama,(1999–2013),"
Animation, Comedy, Sci-Fi            ",8,6,nm0122695,J. Stewart Burns,,"(8 episodes, 1999-2011)","producer / supervising producer (54 episodes, 1999-2002)",unknown,['Nom. Outstanding Animated Program (For Programming Less Than One Hour) 2001']
2001,tt0149460,Futurama,(1999–2013),"
Animation, Comedy, Sci-Fi            ",8,6,nm0004981,Matt Groening,,"(created by) (124 episodes, 1999-2013)","executive producer (124 episodes, 1999-2013)",male,['Nom. Outstanding Animated Program (For Programming Less Than One Hour) 2001']
2001,tt0149460,Futurama,(1999–2013),"
Animation, Comedy, Sci-Fi            ",8,6,nm0778772,Swinton O. Scott III,"(4 episodes, 2001-2003)",,,unknown,[]
2001,tt0149460,Futurama,(1999–2013),"
Animation, Comedy, Sci-Fi            ",8,6,nm1399560,Jeff Westbrook,,"(4 episodes, 2001-2003)",,male,[]
2001,tt0149460,Futurama,(1999–2013),"
Animation, Comedy, Sci-Fi            ",8,6,nm0444517,Ken Keeler,,"(14 episodes, 1999-2013)","executive producer / co-executive producer (124 episodes, 1999-2013)",male,['Nom. Outstanding Animated Program (For Programming Less Than One Hour) 2001']
2001,tt0149460,Futurama,(1999–2013),"
Animation, Comedy, Sci-Fi            ",8,6,nm0608034,Lewis Morton,,"(12 episodes, 1999-2013)","supervising producer / producer (54 episodes, 1999-2002)",male,['Nom. Outstanding Animated Program (For Programming Less Than One Hour) 2001']
2001,tt0149460,Futurama,(1999–2013),"
Animation, Comedy, Sci-Fi            ",8,6,nm1397147,Eric Rogers,,"(5 episodes, 2000-2013)",,male,[]
2001,tt0149460,Futurama,(1999–2013),"
Animation, Comedy, Sci-Fi            ",8,6,nm0521701,Chris Loudon,"(4 episodes, 2000-2001)",,,mostly_male,[]
2001,tt0149460,Futurama,(1999–2013),"
Animation, Comedy, Sci-Fi            ",8,6,nm0259965,Mark Ervin,"(6 episodes, 1999-2002)",,,male,[]
2001,tt0149460,Futurama,(1999–2013),"
Animation, Comedy, Sci-Fi            ",8,6,nm1413695,Geraldine Symon,,,"producer: main title sequence / animation line producer / digital line producer / line producer / producer: main title (87 episodes, 1999-2013)",female,[]
2001,tt0149460,Futurama,(1999–2013),"
Animation, Comedy, Sci-Fi            ",8,6,nm0226306,Susie Dietter,"(6 episodes, 1999-2003)",,,female,[]
2001,tt0149460,Futurama,(1999–2013),"
Animation, Comedy, Sci-Fi            ",8,6,nm0810837,Mili Smythe,,,"co-producer (72 episodes, 1999-2003)",female,[]
2001,tt0149460,Futurama,(1999–2013),"
Animation, Comedy, Sci-Fi            ",8,6,nm0430781,Josh Weinstein,,,"co-executive producer / consulting producer (74 episodes, 2001-2013)",male,[]
2001,tt0149460,Futurama,(1999–2013),"
Animation, Comedy, Sci-Fi            ",8,6,nm0351821,Bret Haaland,"(25 episodes, 1999-2003)",,,male,[]
2001,tt0149460,Futurama,(1999–2013),"
Animation, Comedy, Sci-Fi            ",8,6,nm0790723,Brian Sheesley,"(9 episodes, 1999-2003)",,,male,['Nom. Outstanding Animated Program (For Programming Less Than One Hour) 2001']
2001,tt0149460,Futurama,(1999–2013),"
Animation, Comedy, Sci-Fi            ",8,6,nm0169326,David X. Cohen,,"(developed by) (124 episodes, 1999-2013)","executive producer (124 episodes, 1999-2013)",male,['Nom. Outstanding Animated Program (For Programming Less Than One Hour) 2001']
2001,tt0149460,Futurama,(1999–2013),"
Animation, Comedy, Sci-Fi            ",8,6,nm0042796,Peter Avanzino,"(28 episodes, 1999-2013)",,,male,[]
2001,tt0149460,Futurama,(1999–2013),"
Animation, Comedy, Sci-Fi            ",8,6,nm0643009,Bill Oakley,,,"consulting producer (22 episodes, 2001-2002)",male,[]
2001,tt0149460,Futurama,(1999–2013),"
Animation, Comedy, Sci-Fi            ",8,6,nm1398960,James Purdum,"(4 episodes, 2001-2003)",,,male,[]
2001,tt0149460,Futurama,(1999–2013),"
Animation, Comedy, Sci-Fi            ",8,6,nm0713497,Richard Raynis,,,"consulting producer (55 episodes, 1999-2002)",male,[]
2001,tt0149460,Futurama,(1999–2013),"
Animation, Comedy, Sci-Fi            ",8,6,nm0438235,Eric Kaplan,,"(7 episodes, 1999-2003)","producer / co-producer / supervising producer (59 episodes, 1999-2003)",male,['Nom. Outstanding Animated Program (For Programming Less Than One Hour) 2001']
2002,tt0149460,Futurama,(1999–2013),"
Animation, Comedy, Sci-Fi            ",8,6,nm0644021,Bill Odenkirk,,"(5 episodes, 2000-2003)","producer / supervising producer (59 episodes, 1999-2003)",male,['Outstanding Animated Program (For Programming Less Than One Hour) 2002']
2002,tt0149460,Futurama,(1999–2013),"
Animation, Comedy, Sci-Fi            ",8,6,nm1132209,Aaron Ehasz,,"(5 episodes, 2001-2011)",,male,[]
2002,tt0149460,Futurama,(1999–2013),"
Animation, Comedy, Sci-Fi            ",8,6,nm0395489,Eric Horsted,,"(15 episodes, 1999-2013)","co-executive producer / producer (112 episodes, 1999-2013)",male,['Outstanding Animated Program (For Programming Less Than One Hour) 2002']
2002,tt0149460,Futurama,(1999–2013),"
Animation, Comedy, Sci-Fi            ",8,6,nm0918272,Ron Weiner,,"(4 episodes, 2001-2003)","co-producer (18 episodes, 2002-2003)",male,[]
2002,tt0149460,Futurama,(1999–2013),"
Animation, Comedy, Sci-Fi            ",8,6,nm0441656,Claudia Katz,,,"producer (124 episodes, 1999-2013)",female,['Outstanding Animated Program (For Programming Less Than One Hour) 2002']
2002,tt0149460,Futurama,(1999–2013),"
Animation, Comedy, Sci-Fi            ",8,6,nm0424279,Alex Johns,,,"co-producer (72 episodes, 1999-2003)",male,[]
2002,tt0149460,Futurama,(1999–2013),"
Animation, Comedy, Sci-Fi            ",8,6,nm0839467,Lee Supercinski,,,"producer / associate producer (70 episodes, 2002-2013)",mostly_male,[]
2002,tt0149460,Futurama,(1999–2013),"
Animation, Comedy, Sci-Fi            ",8,6,nm1409955,Elise Belknap,,,"assistant producer / associate producer / animation associate producer (33 episodes, 2002-2013)",female,[]
2002,tt0149460,Futurama,(1999–2013),"
Animation, Comedy, Sci-Fi            ",8,6,nm0889405,Gregg Vanzo,,,"animation executive producer (115 episodes, 1999-2013)",male,['Outstanding Animated Program (For Programming Less Than One Hour) 2002']
2002,tt0149460,Futurama,(1999–2013),"
Animation, Comedy, Sci-Fi            ",8,6,nm0400423,Ron Hughart,"(10 episodes, 1999-2003)",,,male,[]
2002,tt0149460,Futurama,(1999–2013),"
Animation, Comedy, Sci-Fi            ",8,6,nm0184537,Brian J. Cowan,,,"producer / line producer (72 episodes, 1999-2003)",male,['Outstanding Animated Program (For Programming Less Than One Hour) 2002']
2002,tt0149460,Futurama,(1999–2013),"
Animation, Comedy, Sci-Fi            ",8,6,nm0894890,Patric M. Verrone,,"(13 episodes, 1999-2013)","supervising producer / co-executive producer / producer (123 episodes, 1999-2013)",male,['Outstanding Animated Program (For Programming Less Than One Hour) 2002']
2002,tt0149460,Futurama,(1999–2013),"
Animation, Comedy, Sci-Fi            ",8,6,nm0330751,Kristin Gore,,"(3 episodes, 2001-2002)",,female,[]
2002,tt0149460,Futurama,(1999–2013),"
Animation, Comedy, Sci-Fi            ",8,6,nm0209370,Claudia De La Roca,,,"co-producer / associate producer (64 episodes, 1999-2003)",female,[]
2002,tt0149460,Futurama,(1999–2013),"
Animation, Comedy, Sci-Fi            ",8,6,nm0592546,David Mirsky,,"(26 episodes, 2001-2003)",,male,[]
2002,tt0149460,Futurama,(1999–2013),"
Animation, Comedy, Sci-Fi            ",8,6,nm0891551,Dan Vebber,,"(10 episodes, 2001-2013)","co-executive producer / co-producer (67 episodes, 2002-2013)",male,[]
2002,tt0149460,Futurama,(1999–2013),"
Animation, Comedy, Sci-Fi            ",8,6,nm0122695,J. Stewart Burns,,"(8 episodes, 1999-2011)","producer / supervising producer (54 episodes, 1999-2002)",unknown,['Outstanding Animated Program (For Programming Less Than One Hour) 2002']
2002,tt0149460,Futurama,(1999–2013),"
Animation, Comedy, Sci-Fi            ",8,6,nm0004981,Matt Groening,,"(created by) (124 episodes, 1999-2013)","executive producer (124 episodes, 1999-2013)",male,['Outstanding Animated Program (For Programming Less Than One Hour) 2002']
2002,tt0149460,Futurama,(1999–2013),"
Animation, Comedy, Sci-Fi            ",8,6,nm0329047,David A. Goodman,,"(1 episode, 2002)","co-executive producer (18 episodes, 2002-2003)",male,[]
2002,tt0149460,Futurama,(1999–2013),"
Animation, Comedy, Sci-Fi            ",8,6,nm0778772,Swinton O. Scott III,"(4 episodes, 2001-2003)",,,unknown,[]
2002,tt0149460,Futurama,(1999–2013),"
Animation, Comedy, Sci-Fi            ",8,6,nm1399560,Jeff Westbrook,,"(4 episodes, 2001-2003)",,male,[]
2002,tt0149460,Futurama,(1999–2013),"
Animation, Comedy, Sci-Fi            ",8,6,nm0444517,Ken Keeler,,"(14 episodes, 1999-2013)","executive producer / co-executive producer (124 episodes, 1999-2013)",male,['Outstanding Animated Program (For Programming Less Than One Hour) 2002']
2002,tt0149460,Futurama,(1999–2013),"
Animation, Comedy, Sci-Fi            ",8,6,nm0608034,Lewis Morton,,"(12 episodes, 1999-2013)","supervising producer / producer (54 episodes, 1999-2002)",male,['Outstanding Animated Program (For Programming Less Than One Hour) 2002']
2002,tt0149460,Futurama,(1999–2013),"
Animation, Comedy, Sci-Fi            ",8,6,nm1397147,Eric Rogers,,"(5 episodes, 2000-2013)",,male,[]
2002,tt0149460,Futurama,(1999–2013),"
Animation, Comedy, Sci-Fi            ",8,6,nm0746573,Michael Rowe,,,"co-executive producer / producer (70 episodes, 2002-2013)",male,[]
2002,tt0149460,Futurama,(1999–2013),"
Animation, Comedy, Sci-Fi            ",8,6,nm0259965,Mark Ervin,"(6 episodes, 1999-2002)",,,male,[]
2002,tt0149460,Futurama,(1999–2013),"
Animation, Comedy, Sci-Fi            ",8,6,nm1413695,Geraldine Symon,,,"producer: main title sequence / animation line producer / digital line producer / line producer / producer: main title (87 episodes, 1999-2013)",female,[]
2002,tt0149460,Futurama,(1999–2013),"
Animation, Comedy, Sci-Fi            ",8,6,nm0226306,Susie Dietter,"(6 episodes, 1999-2003)",,,female,[]
2002,tt0149460,Futurama,(1999–2013),"
Animation, Comedy, Sci-Fi            ",8,6,nm0810837,Mili Smythe,,,"co-producer (72 episodes, 1999-2003)",female,[]
2002,tt0149460,Futurama,(1999–2013),"
Animation, Comedy, Sci-Fi            ",8,6,nm0430781,Josh Weinstein,,,"co-executive producer / consulting producer (74 episodes, 2001-2013)",male,[]
2002,tt0149460,Futurama,(1999–2013),"
Animation, Comedy, Sci-Fi            ",8,6,nm0351821,Bret Haaland,"(25 episodes, 1999-2003)",,,male,[]
2002,tt0149460,Futurama,(1999–2013),"
Animation, Comedy, Sci-Fi            ",8,6,nm0790723,Brian Sheesley,"(9 episodes, 1999-2003)",,,male,[]
2002,tt0149460,Futurama,(1999–2013),"
Animation, Comedy, Sci-Fi            ",8,6,nm0169326,David X. Cohen,,"(developed by) (124 episodes, 1999-2013)","executive producer (124 episodes, 1999-2013)",male,['Outstanding Animated Program (For Programming Less Than One Hour) 2002']
2002,tt0149460,Futurama,(1999–2013),"
Animation, Comedy, Sci-Fi            ",8,6,nm0042796,Peter Avanzino,"(28 episodes, 1999-2013)",,,male,[]
2002,tt0149460,Futurama,(1999–2013),"
Animation, Comedy, Sci-Fi            ",8,6,nm0643009,Bill Oakley,,,"consulting producer (22 episodes, 2001-2002)",male,[]
2002,tt0149460,Futurama,(1999–2013),"
Animation, Comedy, Sci-Fi            ",8,6,nm0793827,Patty Shinagawa,"(2 episodes, 2002)",,,female,[]
2002,tt0149460,Futurama,(1999–2013),"
Animation, Comedy, Sci-Fi            ",8,6,nm1398960,James Purdum,"(4 episodes, 2001-2003)",,,male,[]
2002,tt0149460,Futurama,(1999–2013),"
Animation, Comedy, Sci-Fi            ",8,6,nm1397977,Jason Gorbett,,"(1 episode, 2002)",,male,[]
2002,tt0149460,Futurama,(1999–2013),"
Animation, Comedy, Sci-Fi            ",8,6,nm1937997,Scott Kirby,,"(1 episode, 2002)",,male,[]
2002,tt0149460,Futurama,(1999–2013),"
Animation, Comedy, Sci-Fi            ",8,6,nm0713497,Richard Raynis,,,"consulting producer (55 episodes, 1999-2002)",male,[]
2002,tt0149460,Futurama,(1999–2013),"
Animation, Comedy, Sci-Fi            ",8,6,nm0438235,Eric Kaplan,,"(7 episodes, 1999-2003)","producer / co-producer / supervising producer (59 episodes, 1999-2003)",male,['Outstanding Animated Program (For Programming Less Than One Hour) 2002']
2003,tt0149460,Futurama,(1999–2013),"
Animation, Comedy, Sci-Fi            ",8,6,nm0644021,Bill Odenkirk,,"(5 episodes, 2000-2003)","producer / supervising producer (59 episodes, 1999-2003)",male,['Nom. Outstanding Animated Program (For Programming Less Than One Hour) 2003']
2003,tt0149460,Futurama,(1999–2013),"
Animation, Comedy, Sci-Fi            ",8,6,nm1132209,Aaron Ehasz,,"(5 episodes, 2001-2011)",,male,[]
2003,tt0149460,Futurama,(1999–2013),"
Animation, Comedy, Sci-Fi            ",8,6,nm0395489,Eric Horsted,,"(15 episodes, 1999-2013)","co-executive producer / producer (112 episodes, 1999-2013)",male,['Nom. Outstanding Animated Program (For Programming Less Than One Hour) 2003']
2003,tt0149460,Futurama,(1999–2013),"
Animation, Comedy, Sci-Fi            ",8,6,nm0918272,Ron Weiner,,"(4 episodes, 2001-2003)","co-producer (18 episodes, 2002-2003)",male,[]
2003,tt0149460,Futurama,(1999–2013),"
Animation, Comedy, Sci-Fi            ",8,6,nm0441656,Claudia Katz,,,"producer (124 episodes, 1999-2013)",female,['Nom. Outstanding Animated Program (For Programming Less Than One Hour) 2003']
2003,tt0149460,Futurama,(1999–2013),"
Animation, Comedy, Sci-Fi            ",8,6,nm0424279,Alex Johns,,,"co-producer (72 episodes, 1999-2003)",male,[]
2003,tt0149460,Futurama,(1999–2013),"
Animation, Comedy, Sci-Fi            ",8,6,nm0839467,Lee Supercinski,,,"producer / associate producer (70 episodes, 2002-2013)",mostly_male,[]
2003,tt0149460,Futurama,(1999–2013),"
Animation, Comedy, Sci-Fi            ",8,6,nm1409955,Elise Belknap,,,"assistant producer / associate producer / animation associate producer (33 episodes, 2002-2013)",female,[]
2003,tt0149460,Futurama,(1999–2013),"
Animation, Comedy, Sci-Fi            ",8,6,nm0889405,Gregg Vanzo,,,"animation executive producer (115 episodes, 1999-2013)",male,['Nom. Outstanding Animated Program (For Programming Less Than One Hour) 2003']
2003,tt0149460,Futurama,(1999–2013),"
Animation, Comedy, Sci-Fi            ",8,6,nm0400423,Ron Hughart,"(10 episodes, 1999-2003)",,,male,[]
2003,tt0149460,Futurama,(1999–2013),"
Animation, Comedy, Sci-Fi            ",8,6,nm0184537,Brian J. Cowan,,,"producer / line producer (72 episodes, 1999-2003)",male,['Nom. Outstanding Animated Program (For Programming Less Than One Hour) 2003']
2003,tt0149460,Futurama,(1999–2013),"
Animation, Comedy, Sci-Fi            ",8,6,nm0894890,Patric M. Verrone,,"(13 episodes, 1999-2013)","supervising producer / co-executive producer / producer (123 episodes, 1999-2013)",male,['Nom. Outstanding Animated Program (For Programming Less Than One Hour) 2003']
2003,tt0149460,Futurama,(1999–2013),"
Animation, Comedy, Sci-Fi            ",8,6,nm0209370,Claudia De La Roca,,,"co-producer / associate producer (64 episodes, 1999-2003)",female,[]
2003,tt0149460,Futurama,(1999–2013),"
Animation, Comedy, Sci-Fi            ",8,6,nm0592546,David Mirsky,,"(26 episodes, 2001-2003)",,male,[]
2003,tt0149460,Futurama,(1999–2013),"
Animation, Comedy, Sci-Fi            ",8,6,nm0891551,Dan Vebber,,"(10 episodes, 2001-2013)","co-executive producer / co-producer (67 episodes, 2002-2013)",male,[]
2003,tt0149460,Futurama,(1999–2013),"
Animation, Comedy, Sci-Fi            ",8,6,nm0033741,Wesley Archer,"(2 episodes, 2003)",,,male,[]
2003,tt0149460,Futurama,(1999–2013),"
Animation, Comedy, Sci-Fi            ",8,6,nm0122695,J. Stewart Burns,,"(8 episodes, 1999-2011)",,unknown,[]
2003,tt0149460,Futurama,(1999–2013),"
Animation, Comedy, Sci-Fi            ",8,6,nm0004981,Matt Groening,,"(created by) (124 episodes, 1999-2013)","executive producer (124 episodes, 1999-2013)",male,['Nom. Outstanding Animated Program (For Programming Less Than One Hour) 2003']
2003,tt0149460,Futurama,(1999–2013),"
Animation, Comedy, Sci-Fi            ",8,6,nm0329047,David A. Goodman,,,"co-executive producer (18 episodes, 2002-2003)",male,['Nom. Outstanding Animated Program (For Programming Less Than One Hour) 2003']
2003,tt0149460,Futurama,(1999–2013),"
Animation, Comedy, Sci-Fi            ",8,6,nm0778772,Swinton O. Scott III,"(4 episodes, 2001-2003)",,,unknown,['Nom. Outstanding Animated Program (For Programming Less Than One Hour) 2003']
2003,tt0149460,Futurama,(1999–2013),"
Animation, Comedy, Sci-Fi            ",8,6,nm1399560,Jeff Westbrook,,"(4 episodes, 2001-2003)",,male,[]
2003,tt0149460,Futurama,(1999–2013),"
Animation, Comedy, Sci-Fi            ",8,6,nm0444517,Ken Keeler,,"(14 episodes, 1999-2013)","executive producer / co-executive producer (124 episodes, 1999-2013)",male,['Nom. Outstanding Animated Program (For Programming Less Than One Hour) 2003']
2003,tt0149460,Futurama,(1999–2013),"
Animation, Comedy, Sci-Fi            ",8,6,nm0608034,Lewis Morton,,"(12 episodes, 1999-2013)",,male,[]
2003,tt0149460,Futurama,(1999–2013),"
Animation, Comedy, Sci-Fi            ",8,6,nm1397147,Eric Rogers,,"(5 episodes, 2000-2013)",,male,[]
2003,tt0149460,Futurama,(1999–2013),"
Animation, Comedy, Sci-Fi            ",8,6,nm0746573,Michael Rowe,,"(7 episodes, 2003-2013)","co-executive producer / producer (70 episodes, 2002-2013)",male,['Nom. Outstanding Animated Program (For Programming Less Than One Hour) 2003']
2003,tt0149460,Futurama,(1999–2013),"
Animation, Comedy, Sci-Fi            ",8,6,nm1413695,Geraldine Symon,,,"producer: main title sequence / animation line producer / digital line producer / line producer / producer: main title (87 episodes, 1999-2013)",female,[]
2003,tt0149460,Futurama,(1999–2013),"
Animation, Comedy, Sci-Fi            ",8,6,nm0226306,Susie Dietter,"(6 episodes, 1999-2003)",,,female,[]
2003,tt0149460,Futurama,(1999–2013),"
Animation, Comedy, Sci-Fi            ",8,6,nm1401752,Dwayne Carey-Hill,"(6 episodes, 2003-2012)",,,male,[]
2003,tt0149460,Futurama,(1999–2013),"
Animation, Comedy, Sci-Fi            ",8,6,nm0810837,Mili Smythe,,,"co-producer (72 episodes, 1999-2003)",female,[]
2003,tt0149460,Futurama,(1999–2013),"
Animation, Comedy, Sci-Fi            ",8,6,nm0430781,Josh Weinstein,,,"co-executive producer / consulting producer (74 episodes, 2001-2013)",male,[]
2003,tt0149460,Futurama,(1999–2013),"
Animation, Comedy, Sci-Fi            ",8,6,nm0351821,Bret Haaland,"(25 episodes, 1999-2003)",,,male,[]
2003,tt0149460,Futurama,(1999–2013),"
Animation, Comedy, Sci-Fi            ",8,6,nm0790723,Brian Sheesley,"(9 episodes, 1999-2003)",,,male,[]
2003,tt0149460,Futurama,(1999–2013),"
Animation, Comedy, Sci-Fi            ",8,6,nm0169326,David X. Cohen,,"(developed by) (124 episodes, 1999-2013)","executive producer (124 episodes, 1999-2013)",male,['Nom. Outstanding Animated Program (For Programming Less Than One Hour) 2003']
2003,tt0149460,Futurama,(1999–2013),"
Animation, Comedy, Sci-Fi            ",8,6,nm0042796,Peter Avanzino,"(28 episodes, 1999-2013)",,,male,[]
2003,tt0149460,Futurama,(1999–2013),"
Animation, Comedy, Sci-Fi            ",8,6,nm1398960,James Purdum,"(4 episodes, 2001-2003)",,,male,[]
2003,tt0149460,Futurama,(1999–2013),"
Animation, Comedy, Sci-Fi            ",8,6,nm0438235,Eric Kaplan,,"(7 episodes, 1999-2003)","producer / co-producer / supervising producer (59 episodes, 1999-2003)",male,['Nom. Outstanding Animated Program (For Programming Less Than One Hour) 2003']
2004,tt0149460,Futurama,(1999–2013),"
Animation, Comedy, Sci-Fi            ",8,6,nm1132209,Aaron Ehasz,,"(5 episodes, 2001-2011)",,male,[]
2004,tt0149460,Futurama,(1999–2013),"
Animation, Comedy, Sci-Fi            ",8,6,nm0395489,Eric Horsted,,"(15 episodes, 1999-2013)","co-executive producer / producer (112 episodes, 1999-2013)",male,[]
2004,tt0149460,Futurama,(1999–2013),"
Animation, Comedy, Sci-Fi            ",8,6,nm0441656,Claudia Katz,,,"producer (124 episodes, 1999-2013)",female,['Nom. Outstanding Animated Program (For Programming Less Than One Hour) 2004']
2004,tt0149460,Futurama,(1999–2013),"
Animation, Comedy, Sci-Fi            ",8,6,nm0839467,Lee Supercinski,,,"producer / associate producer (70 episodes, 2002-2013)",mostly_male,[]
2004,tt0149460,Futurama,(1999–2013),"
Animation, Comedy, Sci-Fi            ",8,6,nm1409955,Elise Belknap,,,"assistant producer / associate producer / animation associate producer (33 episodes, 2002-2013)",female,[]
2004,tt0149460,Futurama,(1999–2013),"
Animation, Comedy, Sci-Fi            ",8,6,nm0889405,Gregg Vanzo,,,"animation executive producer (115 episodes, 1999-2013)",male,['Nom. Outstanding Animated Program (For Programming Less Than One Hour) 2004']
2004,tt0149460,Futurama,(1999–2013),"
Animation, Comedy, Sci-Fi            ",8,6,nm0894890,Patric M. Verrone,,"(13 episodes, 1999-2013)","supervising producer / co-executive producer / producer (123 episodes, 1999-2013)",male,['Nom. Outstanding Animated Program (For Programming Less Than One Hour) 2004']
2004,tt0149460,Futurama,(1999–2013),"
Animation, Comedy, Sci-Fi            ",8,6,nm0891551,Dan Vebber,,"(10 episodes, 2001-2013)","co-executive producer / co-producer (67 episodes, 2002-2013)",male,[]
2004,tt0149460,Futurama,(1999–2013),"
Animation, Comedy, Sci-Fi            ",8,6,nm0122695,J. Stewart Burns,,"(8 episodes, 1999-2011)",,unknown,[]
2004,tt0149460,Futurama,(1999–2013),"
Animation, Comedy, Sci-Fi            ",8,6,nm0004981,Matt Groening,,"(created by) (124 episodes, 1999-2013)","executive producer (124 episodes, 1999-2013)",male,['Nom. Outstanding Animated Program (For Programming Less Than One Hour) 2004']
2004,tt0149460,Futurama,(1999–2013),"
Animation, Comedy, Sci-Fi            ",8,6,nm0444517,Ken Keeler,,"(14 episodes, 1999-2013)","executive producer / co-executive producer (124 episodes, 1999-2013)",male,"['Nom. Outstanding Animated Program (For Programming Less Than One Hour) 2004', 'Nom. Outstanding Music and Lyrics 2004']"
2004,tt0149460,Futurama,(1999–2013),"
Animation, Comedy, Sci-Fi            ",8,6,nm0608034,Lewis Morton,,"(12 episodes, 1999-2013)",,male,[]
2004,tt0149460,Futurama,(1999–2013),"
Animation, Comedy, Sci-Fi            ",8,6,nm1397147,Eric Rogers,,"(5 episodes, 2000-2013)",,male,[]
2004,tt0149460,Futurama,(1999–2013),"
Animation, Comedy, Sci-Fi            ",8,6,nm0746573,Michael Rowe,,"(7 episodes, 2003-2013)","co-executive producer / producer (70 episodes, 2002-2013)",male,['Nom. Outstanding Animated Program (For Programming Less Than One Hour) 2004']
2004,tt0149460,Futurama,(1999–2013),"
Animation, Comedy, Sci-Fi            ",8,6,nm1413695,Geraldine Symon,,,"producer: main title sequence / animation line producer / digital line producer / line producer / producer: main title (87 episodes, 1999-2013)",female,[]
2004,tt0149460,Futurama,(1999–2013),"
Animation, Comedy, Sci-Fi            ",8,6,nm1401752,Dwayne Carey-Hill,"(6 episodes, 2003-2012)",,,male,[]
2004,tt0149460,Futurama,(1999–2013),"
Animation, Comedy, Sci-Fi            ",8,6,nm0430781,Josh Weinstein,,,"co-executive producer / consulting producer (74 episodes, 2001-2013)",male,[]
2004,tt0149460,Futurama,(1999–2013),"
Animation, Comedy, Sci-Fi            ",8,6,nm0169326,David X. Cohen,,"(developed by) (124 episodes, 1999-2013)","executive producer (124 episodes, 1999-2013)",male,['Nom. Outstanding Animated Program (For Programming Less Than One Hour) 2004']
2004,tt0149460,Futurama,(1999–2013),"
Animation, Comedy, Sci-Fi            ",8,6,nm0042796,Peter Avanzino,"(28 episodes, 1999-2013)",,,male,[]
2005,tt0149460,Futurama,(1999–2013),"
Animation, Comedy, Sci-Fi            ",8,6,nm1132209,Aaron Ehasz,,"(5 episodes, 2001-2011)",,male,[]
2005,tt0149460,Futurama,(1999–2013),"
Animation, Comedy, Sci-Fi            ",8,6,nm0395489,Eric Horsted,,"(15 episodes, 1999-2013)","co-executive producer / producer (112 episodes, 1999-2013)",male,[]
2005,tt0149460,Futurama,(1999–2013),"
Animation, Comedy, Sci-Fi            ",8,6,nm0441656,Claudia Katz,,,"producer (124 episodes, 1999-2013)",female,[]
2005,tt0149460,Futurama,(1999–2013),"
Animation, Comedy, Sci-Fi            ",8,6,nm0839467,Lee Supercinski,,,"producer / associate producer (70 episodes, 2002-2013)",mostly_male,[]
2005,tt0149460,Futurama,(1999–2013),"
Animation, Comedy, Sci-Fi            ",8,6,nm1409955,Elise Belknap,,,"assistant producer / associate producer / animation associate producer (33 episodes, 2002-2013)",female,[]
2005,tt0149460,Futurama,(1999–2013),"
Animation, Comedy, Sci-Fi            ",8,6,nm0889405,Gregg Vanzo,,,"animation executive producer (115 episodes, 1999-2013)",male,[]
2005,tt0149460,Futurama,(1999–2013),"
Animation, Comedy, Sci-Fi            ",8,6,nm0894890,Patric M. Verrone,,"(13 episodes, 1999-2013)","supervising producer / co-executive producer / producer (123 episodes, 1999-2013)",male,[]
2005,tt0149460,Futurama,(1999–2013),"
Animation, Comedy, Sci-Fi            ",8,6,nm0891551,Dan Vebber,,"(10 episodes, 2001-2013)","co-executive producer / co-producer (67 episodes, 2002-2013)",male,[]
2005,tt0149460,Futurama,(1999–2013),"
Animation, Comedy, Sci-Fi            ",8,6,nm0122695,J. Stewart Burns,,"(8 episodes, 1999-2011)",,unknown,[]
2005,tt0149460,Futurama,(1999–2013),"
Animation, Comedy, Sci-Fi            ",8,6,nm0004981,Matt Groening,,"(created by) (124 episodes, 1999-2013)","executive producer (124 episodes, 1999-2013)",male,[]
2005,tt0149460,Futurama,(1999–2013),"
Animation, Comedy, Sci-Fi            ",8,6,nm0444517,Ken Keeler,,"(14 episodes, 1999-2013)","executive producer / co-executive producer (124 episodes, 1999-2013)",male,[]
2005,tt0149460,Futurama,(1999–2013),"
Animation, Comedy, Sci-Fi            ",8,6,nm0608034,Lewis Morton,,"(12 episodes, 1999-2013)",,male,[]
2005,tt0149460,Futurama,(1999–2013),"
Animation, Comedy, Sci-Fi            ",8,6,nm1397147,Eric Rogers,,"(5 episodes, 2000-2013)",,male,[]
2005,tt0149460,Futurama,(1999–2013),"
Animation, Comedy, Sci-Fi            ",8,6,nm0746573,Michael Rowe,,"(7 episodes, 2003-2013)","co-executive producer / producer (70 episodes, 2002-2013)",male,[]
2005,tt0149460,Futurama,(1999–2013),"
Animation, Comedy, Sci-Fi            ",8,6,nm1413695,Geraldine Symon,,,"producer: main title sequence / animation line producer / digital line producer / line producer / producer: main title (87 episodes, 1999-2013)",female,[]
2005,tt0149460,Futurama,(1999–2013),"
Animation, Comedy, Sci-Fi            ",8,6,nm1401752,Dwayne Carey-Hill,"(6 episodes, 2003-2012)",,,male,[]
2005,tt0149460,Futurama,(1999–2013),"
Animation, Comedy, Sci-Fi            ",8,6,nm0430781,Josh Weinstein,,,"co-executive producer / consulting producer (74 episodes, 2001-2013)",male,[]
2005,tt0149460,Futurama,(1999–2013),"
Animation, Comedy, Sci-Fi            ",8,6,nm0169326,David X. Cohen,,"(developed by) (124 episodes, 1999-2013)","executive producer (124 episodes, 1999-2013)",male,[]
2005,tt0149460,Futurama,(1999–2013),"
Animation, Comedy, Sci-Fi            ",8,6,nm0042796,Peter Avanzino,"(28 episodes, 1999-2013)",,,male,[]
2006,tt0149460,Futurama,(1999–2013),"
Animation, Comedy, Sci-Fi            ",8,6,nm1132209,Aaron Ehasz,,"(5 episodes, 2001-2011)",,male,[]
2006,tt0149460,Futurama,(1999–2013),"
Animation, Comedy, Sci-Fi            ",8,6,nm0395489,Eric Horsted,,"(15 episodes, 1999-2013)","co-executive producer / producer (112 episodes, 1999-2013)",male,[]
2006,tt0149460,Futurama,(1999–2013),"
Animation, Comedy, Sci-Fi            ",8,6,nm0441656,Claudia Katz,,,"producer (124 episodes, 1999-2013)",female,[]
2006,tt0149460,Futurama,(1999–2013),"
Animation, Comedy, Sci-Fi            ",8,6,nm0839467,Lee Supercinski,,,"producer / associate producer (70 episodes, 2002-2013)",mostly_male,[]
2006,tt0149460,Futurama,(1999–2013),"
Animation, Comedy, Sci-Fi            ",8,6,nm1409955,Elise Belknap,,,"assistant producer / associate producer / animation associate producer (33 episodes, 2002-2013)",female,[]
2006,tt0149460,Futurama,(1999–2013),"
Animation, Comedy, Sci-Fi            ",8,6,nm0889405,Gregg Vanzo,,,"animation executive producer (115 episodes, 1999-2013)",male,[]
2006,tt0149460,Futurama,(1999–2013),"
Animation, Comedy, Sci-Fi            ",8,6,nm0894890,Patric M. Verrone,,"(13 episodes, 1999-2013)","supervising producer / co-executive producer / producer (123 episodes, 1999-2013)",male,[]
2006,tt0149460,Futurama,(1999–2013),"
Animation, Comedy, Sci-Fi            ",8,6,nm0891551,Dan Vebber,,"(10 episodes, 2001-2013)","co-executive producer / co-producer (67 episodes, 2002-2013)",male,[]
2006,tt0149460,Futurama,(1999–2013),"
Animation, Comedy, Sci-Fi            ",8,6,nm0122695,J. Stewart Burns,,"(8 episodes, 1999-2011)",,unknown,[]
2006,tt0149460,Futurama,(1999–2013),"
Animation, Comedy, Sci-Fi            ",8,6,nm0004981,Matt Groening,,"(created by) (124 episodes, 1999-2013)","executive producer (124 episodes, 1999-2013)",male,[]
2006,tt0149460,Futurama,(1999–2013),"
Animation, Comedy, Sci-Fi            ",8,6,nm0444517,Ken Keeler,,"(14 episodes, 1999-2013)","executive producer / co-executive producer (124 episodes, 1999-2013)",male,[]
2006,tt0149460,Futurama,(1999–2013),"
Animation, Comedy, Sci-Fi            ",8,6,nm0608034,Lewis Morton,,"(12 episodes, 1999-2013)",,male,[]
2006,tt0149460,Futurama,(1999–2013),"
Animation, Comedy, Sci-Fi            ",8,6,nm1397147,Eric Rogers,,"(5 episodes, 2000-2013)",,male,[]
2006,tt0149460,Futurama,(1999–2013),"
Animation, Comedy, Sci-Fi            ",8,6,nm0746573,Michael Rowe,,"(7 episodes, 2003-2013)","co-executive producer / producer (70 episodes, 2002-2013)",male,[]
2006,tt0149460,Futurama,(1999–2013),"
Animation, Comedy, Sci-Fi            ",8,6,nm1413695,Geraldine Symon,,,"producer: main title sequence / animation line producer / digital line producer / line producer / producer: main title (87 episodes, 1999-2013)",female,[]
2006,tt0149460,Futurama,(1999–2013),"
Animation, Comedy, Sci-Fi            ",8,6,nm1401752,Dwayne Carey-Hill,"(6 episodes, 2003-2012)",,,male,[]
2006,tt0149460,Futurama,(1999–2013),"
Animation, Comedy, Sci-Fi            ",8,6,nm0430781,Josh Weinstein,,,"co-executive producer / consulting producer (74 episodes, 2001-2013)",male,[]
2006,tt0149460,Futurama,(1999–2013),"
Animation, Comedy, Sci-Fi            ",8,6,nm0169326,David X. Cohen,,"(developed by) (124 episodes, 1999-2013)","executive producer (124 episodes, 1999-2013)",male,[]
2006,tt0149460,Futurama,(1999–2013),"
Animation, Comedy, Sci-Fi            ",8,6,nm0042796,Peter Avanzino,"(28 episodes, 1999-2013)",,,male,[]
2007,tt0149460,Futurama,(1999–2013),"
Animation, Comedy, Sci-Fi            ",8,6,nm1132209,Aaron Ehasz,,"(5 episodes, 2001-2011)",,male,[]
2007,tt0149460,Futurama,(1999–2013),"
Animation, Comedy, Sci-Fi            ",8,6,nm0395489,Eric Horsted,,"(15 episodes, 1999-2013)","co-executive producer / producer (112 episodes, 1999-2013)",male,[]
2007,tt0149460,Futurama,(1999–2013),"
Animation, Comedy, Sci-Fi            ",8,6,nm0441656,Claudia Katz,,,"producer (124 episodes, 1999-2013)",female,[]
2007,tt0149460,Futurama,(1999–2013),"
Animation, Comedy, Sci-Fi            ",8,6,nm0839467,Lee Supercinski,,,"producer / associate producer (70 episodes, 2002-2013)",mostly_male,[]
2007,tt0149460,Futurama,(1999–2013),"
Animation, Comedy, Sci-Fi            ",8,6,nm1409955,Elise Belknap,,,"assistant producer / associate producer / animation associate producer (33 episodes, 2002-2013)",female,[]
2007,tt0149460,Futurama,(1999–2013),"
Animation, Comedy, Sci-Fi            ",8,6,nm0889405,Gregg Vanzo,,,"animation executive producer (115 episodes, 1999-2013)",male,[]
2007,tt0149460,Futurama,(1999–2013),"
Animation, Comedy, Sci-Fi            ",8,6,nm0894890,Patric M. Verrone,,"(13 episodes, 1999-2013)","supervising producer / co-executive producer / producer (123 episodes, 1999-2013)",male,[]
2007,tt0149460,Futurama,(1999–2013),"
Animation, Comedy, Sci-Fi            ",8,6,nm0891551,Dan Vebber,,"(10 episodes, 2001-2013)","co-executive producer / co-producer (67 episodes, 2002-2013)",male,[]
2007,tt0149460,Futurama,(1999–2013),"
Animation, Comedy, Sci-Fi            ",8,6,nm0122695,J. Stewart Burns,,"(8 episodes, 1999-2011)",,unknown,[]
2007,tt0149460,Futurama,(1999–2013),"
Animation, Comedy, Sci-Fi            ",8,6,nm0004981,Matt Groening,,"(created by) (124 episodes, 1999-2013)","executive producer (124 episodes, 1999-2013)",male,[]
2007,tt0149460,Futurama,(1999–2013),"
Animation, Comedy, Sci-Fi            ",8,6,nm0444517,Ken Keeler,,"(14 episodes, 1999-2013)","executive producer / co-executive producer (124 episodes, 1999-2013)",male,[]
2007,tt0149460,Futurama,(1999–2013),"
Animation, Comedy, Sci-Fi            ",8,6,nm0608034,Lewis Morton,,"(12 episodes, 1999-2013)",,male,[]
2007,tt0149460,Futurama,(1999–2013),"
Animation, Comedy, Sci-Fi            ",8,6,nm1397147,Eric Rogers,,"(5 episodes, 2000-2013)",,male,[]
2007,tt0149460,Futurama,(1999–2013),"
Animation, Comedy, Sci-Fi            ",8,6,nm0746573,Michael Rowe,,"(7 episodes, 2003-2013)","co-executive producer / producer (70 episodes, 2002-2013)",male,[]
2007,tt0149460,Futurama,(1999–2013),"
Animation, Comedy, Sci-Fi            ",8,6,nm1413695,Geraldine Symon,,,"producer: main title sequence / animation line producer / digital line producer / line producer / producer: main title (87 episodes, 1999-2013)",female,[]
2007,tt0149460,Futurama,(1999–2013),"
Animation, Comedy, Sci-Fi            ",8,6,nm1401752,Dwayne Carey-Hill,"(6 episodes, 2003-2012)",,,male,[]
2007,tt0149460,Futurama,(1999–2013),"
Animation, Comedy, Sci-Fi            ",8,6,nm0430781,Josh Weinstein,,,"co-executive producer / consulting producer (74 episodes, 2001-2013)",male,[]
2007,tt0149460,Futurama,(1999–2013),"
Animation, Comedy, Sci-Fi            ",8,6,nm0169326,David X. Cohen,,"(developed by) (124 episodes, 1999-2013)","executive producer (124 episodes, 1999-2013)",male,[]
2007,tt0149460,Futurama,(1999–2013),"
Animation, Comedy, Sci-Fi            ",8,6,nm0042796,Peter Avanzino,"(28 episodes, 1999-2013)",,,male,[]
2008,tt0149460,Futurama,(1999–2013),"
Animation, Comedy, Sci-Fi            ",8,6,nm1132209,Aaron Ehasz,,"(5 episodes, 2001-2011)",,male,[]
2008,tt0149460,Futurama,(1999–2013),"
Animation, Comedy, Sci-Fi            ",8,6,nm0395489,Eric Horsted,,"(15 episodes, 1999-2013)","co-executive producer / producer (112 episodes, 1999-2013)",male,[]
2008,tt0149460,Futurama,(1999–2013),"
Animation, Comedy, Sci-Fi            ",8,6,nm0441656,Claudia Katz,,,"producer (124 episodes, 1999-2013)",female,[]
2008,tt0149460,Futurama,(1999–2013),"
Animation, Comedy, Sci-Fi            ",8,6,nm0839467,Lee Supercinski,,,"producer / associate producer (70 episodes, 2002-2013)",mostly_male,[]
2008,tt0149460,Futurama,(1999–2013),"
Animation, Comedy, Sci-Fi            ",8,6,nm1409955,Elise Belknap,,,"assistant producer / associate producer / animation associate producer (33 episodes, 2002-2013)",female,[]
2008,tt0149460,Futurama,(1999–2013),"
Animation, Comedy, Sci-Fi            ",8,6,nm0889405,Gregg Vanzo,,,"animation executive producer (115 episodes, 1999-2013)",male,[]
2008,tt0149460,Futurama,(1999–2013),"
Animation, Comedy, Sci-Fi            ",8,6,nm0894890,Patric M. Verrone,,"(13 episodes, 1999-2013)","supervising producer / co-executive producer / producer (123 episodes, 1999-2013)",male,[]
2008,tt0149460,Futurama,(1999–2013),"
Animation, Comedy, Sci-Fi            ",8,6,nm0891551,Dan Vebber,,"(10 episodes, 2001-2013)","co-executive producer / co-producer (67 episodes, 2002-2013)",male,[]
2008,tt0149460,Futurama,(1999–2013),"
Animation, Comedy, Sci-Fi            ",8,6,nm0122695,J. Stewart Burns,,"(8 episodes, 1999-2011)",,unknown,[]
2008,tt0149460,Futurama,(1999–2013),"
Animation, Comedy, Sci-Fi            ",8,6,nm0004981,Matt Groening,,"(created by) (124 episodes, 1999-2013)","executive producer (124 episodes, 1999-2013)",male,[]
2008,tt0149460,Futurama,(1999–2013),"
Animation, Comedy, Sci-Fi            ",8,6,nm0444517,Ken Keeler,,"(14 episodes, 1999-2013)","executive producer / co-executive producer (124 episodes, 1999-2013)",male,[]
2008,tt0149460,Futurama,(1999–2013),"
Animation, Comedy, Sci-Fi            ",8,6,nm0608034,Lewis Morton,,"(12 episodes, 1999-2013)",,male,[]
2008,tt0149460,Futurama,(1999–2013),"
Animation, Comedy, Sci-Fi            ",8,6,nm1397147,Eric Rogers,,"(5 episodes, 2000-2013)",,male,[]
2008,tt0149460,Futurama,(1999–2013),"
Animation, Comedy, Sci-Fi            ",8,6,nm0746573,Michael Rowe,,"(7 episodes, 2003-2013)","co-executive producer / producer (70 episodes, 2002-2013)",male,[]
2008,tt0149460,Futurama,(1999–2013),"
Animation, Comedy, Sci-Fi            ",8,6,nm1413695,Geraldine Symon,,,"producer: main title sequence / animation line producer / digital line producer / line producer / producer: main title (87 episodes, 1999-2013)",female,[]
2008,tt0149460,Futurama,(1999–2013),"
Animation, Comedy, Sci-Fi            ",8,6,nm1401752,Dwayne Carey-Hill,"(6 episodes, 2003-2012)",,,male,[]
2008,tt0149460,Futurama,(1999–2013),"
Animation, Comedy, Sci-Fi            ",8,6,nm0430781,Josh Weinstein,,,"co-executive producer / consulting producer (74 episodes, 2001-2013)",male,[]
2008,tt0149460,Futurama,(1999–2013),"
Animation, Comedy, Sci-Fi            ",8,6,nm0169326,David X. Cohen,,"(developed by) (124 episodes, 1999-2013)","executive producer (124 episodes, 1999-2013)",male,[]
2008,tt0149460,Futurama,(1999–2013),"
Animation, Comedy, Sci-Fi            ",8,6,nm0042796,Peter Avanzino,"(28 episodes, 1999-2013)",,,male,[]
2009,tt0149460,Futurama,(1999–2013),"
Animation, Comedy, Sci-Fi            ",8,6,nm1132209,Aaron Ehasz,,"(5 episodes, 2001-2011)",,male,[]
2009,tt0149460,Futurama,(1999–2013),"
Animation, Comedy, Sci-Fi            ",8,6,nm0395489,Eric Horsted,,"(15 episodes, 1999-2013)","co-executive producer / producer (112 episodes, 1999-2013)",male,[]
2009,tt0149460,Futurama,(1999–2013),"
Animation, Comedy, Sci-Fi            ",8,6,nm0441656,Claudia Katz,,,"producer (124 episodes, 1999-2013)",female,[]
2009,tt0149460,Futurama,(1999–2013),"
Animation, Comedy, Sci-Fi            ",8,6,nm0839467,Lee Supercinski,,,"producer / associate producer (70 episodes, 2002-2013)",mostly_male,[]
2009,tt0149460,Futurama,(1999–2013),"
Animation, Comedy, Sci-Fi            ",8,6,nm1409955,Elise Belknap,,,"assistant producer / associate producer / animation associate producer (33 episodes, 2002-2013)",female,[]
2009,tt0149460,Futurama,(1999–2013),"
Animation, Comedy, Sci-Fi            ",8,6,nm0889405,Gregg Vanzo,,,"animation executive producer (115 episodes, 1999-2013)",male,[]
2009,tt0149460,Futurama,(1999–2013),"
Animation, Comedy, Sci-Fi            ",8,6,nm0894890,Patric M. Verrone,,"(13 episodes, 1999-2013)","supervising producer / co-executive producer / producer (123 episodes, 1999-2013)",male,[]
2009,tt0149460,Futurama,(1999–2013),"
Animation, Comedy, Sci-Fi            ",8,6,nm0891551,Dan Vebber,,"(10 episodes, 2001-2013)","co-executive producer / co-producer (67 episodes, 2002-2013)",male,[]
2009,tt0149460,Futurama,(1999–2013),"
Animation, Comedy, Sci-Fi            ",8,6,nm0122695,J. Stewart Burns,,"(8 episodes, 1999-2011)",,unknown,[]
2009,tt0149460,Futurama,(1999–2013),"
Animation, Comedy, Sci-Fi            ",8,6,nm0004981,Matt Groening,,"(created by) (124 episodes, 1999-2013)","executive producer (124 episodes, 1999-2013)",male,[]
2009,tt0149460,Futurama,(1999–2013),"
Animation, Comedy, Sci-Fi            ",8,6,nm0444517,Ken Keeler,,"(14 episodes, 1999-2013)","executive producer / co-executive producer (124 episodes, 1999-2013)",male,[]
2009,tt0149460,Futurama,(1999–2013),"
Animation, Comedy, Sci-Fi            ",8,6,nm0608034,Lewis Morton,,"(12 episodes, 1999-2013)",,male,[]
2009,tt0149460,Futurama,(1999–2013),"
Animation, Comedy, Sci-Fi            ",8,6,nm1397147,Eric Rogers,,"(5 episodes, 2000-2013)",,male,[]
2009,tt0149460,Futurama,(1999–2013),"
Animation, Comedy, Sci-Fi            ",8,6,nm0746573,Michael Rowe,,"(7 episodes, 2003-2013)","co-executive producer / producer (70 episodes, 2002-2013)",male,[]
2009,tt0149460,Futurama,(1999–2013),"
Animation, Comedy, Sci-Fi            ",8,6,nm1413695,Geraldine Symon,,,"producer: main title sequence / animation line producer / digital line producer / line producer / producer: main title (87 episodes, 1999-2013)",female,[]
2009,tt0149460,Futurama,(1999–2013),"
Animation, Comedy, Sci-Fi            ",8,6,nm1401752,Dwayne Carey-Hill,"(6 episodes, 2003-2012)",,,male,[]
2009,tt0149460,Futurama,(1999–2013),"
Animation, Comedy, Sci-Fi            ",8,6,nm0430781,Josh Weinstein,,,"co-executive producer / consulting producer (74 episodes, 2001-2013)",male,[]
2009,tt0149460,Futurama,(1999–2013),"
Animation, Comedy, Sci-Fi            ",8,6,nm0169326,David X. Cohen,,"(developed by) (124 episodes, 1999-2013)","executive producer (124 episodes, 1999-2013)",male,[]
2009,tt0149460,Futurama,(1999–2013),"
Animation, Comedy, Sci-Fi            ",8,6,nm0042796,Peter Avanzino,"(28 episodes, 1999-2013)",,,male,[]
2010,tt0149460,Futurama,(1999–2013),"
Animation, Comedy, Sci-Fi            ",8,6,nm0931223,Maiya Williams,,"(2 episodes, 2010-2013)",,female,[]
2010,tt0149460,Futurama,(1999–2013),"
Animation, Comedy, Sci-Fi            ",8,6,nm1132209,Aaron Ehasz,,"(5 episodes, 2001-2011)",,male,[]
2010,tt0149460,Futurama,(1999–2013),"
Animation, Comedy, Sci-Fi            ",8,6,nm0395489,Eric Horsted,,"(15 episodes, 1999-2013)","co-executive producer / producer (112 episodes, 1999-2013)",male,[]
2010,tt0149460,Futurama,(1999–2013),"
Animation, Comedy, Sci-Fi            ",8,6,nm0441656,Claudia Katz,,,"producer (124 episodes, 1999-2013)",female,[]
2010,tt0149460,Futurama,(1999–2013),"
Animation, Comedy, Sci-Fi            ",8,6,nm0616261,Raymie Muzquiz,"(8 episodes, 2010-2013)",,,unknown,[]
2010,tt0149460,Futurama,(1999–2013),"
Animation, Comedy, Sci-Fi            ",8,6,nm0547772,Frank Marino,"(8 episodes, 2010-2013)",,,male,[]
2010,tt0149460,Futurama,(1999–2013),"
Animation, Comedy, Sci-Fi            ",8,6,nm0839467,Lee Supercinski,,,"producer / associate producer (70 episodes, 2002-2013)",mostly_male,[]
2010,tt0149460,Futurama,(1999–2013),"
Animation, Comedy, Sci-Fi            ",8,6,nm1409955,Elise Belknap,,,"assistant producer / associate producer / animation associate producer (33 episodes, 2002-2013)",female,[]
2010,tt0149460,Futurama,(1999–2013),"
Animation, Comedy, Sci-Fi            ",8,6,nm1776046,Stephen Sandoval,"(8 episodes, 2010-2013)",,,male,[]
2010,tt0149460,Futurama,(1999–2013),"
Animation, Comedy, Sci-Fi            ",8,6,nm0889405,Gregg Vanzo,,,"animation executive producer (115 episodes, 1999-2013)",male,[]
2010,tt0149460,Futurama,(1999–2013),"
Animation, Comedy, Sci-Fi            ",8,6,nm0894890,Patric M. Verrone,,"(13 episodes, 1999-2013)","supervising producer / co-executive producer / producer (123 episodes, 1999-2013)",male,[]
2010,tt0149460,Futurama,(1999–2013),"
Animation, Comedy, Sci-Fi            ",8,6,nm0891551,Dan Vebber,,"(10 episodes, 2001-2013)","co-executive producer / co-producer (67 episodes, 2002-2013)",male,[]
2010,tt0149460,Futurama,(1999–2013),"
Animation, Comedy, Sci-Fi            ",8,6,nm0122695,J. Stewart Burns,,"(8 episodes, 1999-2011)",,unknown,[]
2010,tt0149460,Futurama,(1999–2013),"
Animation, Comedy, Sci-Fi            ",8,6,nm0004981,Matt Groening,,"(created by) (124 episodes, 1999-2013)","executive producer (124 episodes, 1999-2013)",male,[]
2010,tt0149460,Futurama,(1999–2013),"
Animation, Comedy, Sci-Fi            ",8,6,nm0444517,Ken Keeler,,"(14 episodes, 1999-2013)","executive producer / co-executive producer (124 episodes, 1999-2013)",male,[]
2010,tt0149460,Futurama,(1999–2013),"
Animation, Comedy, Sci-Fi            ",8,6,nm1434884,Crystal Chesney,"(8 episodes, 2010-2013)",,,female,[]
2010,tt0149460,Futurama,(1999–2013),"
Animation, Comedy, Sci-Fi            ",8,6,nm0608034,Lewis Morton,,"(12 episodes, 1999-2013)",,male,[]
2010,tt0149460,Futurama,(1999–2013),"
Animation, Comedy, Sci-Fi            ",8,6,nm1397147,Eric Rogers,,"(5 episodes, 2000-2013)",,male,[]
2010,tt0149460,Futurama,(1999–2013),"
Animation, Comedy, Sci-Fi            ",8,6,nm0746573,Michael Rowe,,"(7 episodes, 2003-2013)","co-executive producer / producer (70 episodes, 2002-2013)",male,[]
2010,tt0149460,Futurama,(1999–2013),"
Animation, Comedy, Sci-Fi            ",8,6,nm1413695,Geraldine Symon,,,"producer: main title sequence / animation line producer / digital line producer / line producer / producer: main title (87 episodes, 1999-2013)",female,[]
2010,tt0149460,Futurama,(1999–2013),"
Animation, Comedy, Sci-Fi            ",8,6,nm1401752,Dwayne Carey-Hill,"(6 episodes, 2003-2012)",,,male,[]
2010,tt0149460,Futurama,(1999–2013),"
Animation, Comedy, Sci-Fi            ",8,6,nm0430781,Josh Weinstein,,"(6 episodes, 2010-2013)","co-executive producer / consulting producer (74 episodes, 2001-2013)",male,[]
2010,tt0149460,Futurama,(1999–2013),"
Animation, Comedy, Sci-Fi            ",8,6,nm1401833,Ray Claffey,"(3 episodes, 2010-2011)",,,mostly_male,[]
2010,tt0149460,Futurama,(1999–2013),"
Animation, Comedy, Sci-Fi            ",8,6,nm0169326,David X. Cohen,,"(developed by) (124 episodes, 1999-2013)","executive producer (124 episodes, 1999-2013)",male,[]
2010,tt0149460,Futurama,(1999–2013),"
Animation, Comedy, Sci-Fi            ",8,6,nm0042796,Peter Avanzino,"(28 episodes, 1999-2013)",,,male,[]
2010,tt0149460,Futurama,(1999–2013),"
Animation, Comedy, Sci-Fi            ",8,6,nm3958301,Carolyn Premish,,"(1 episode, 2010)",,female,[]
2011,tt0149460,Futurama,(1999–2013),"
Animation, Comedy, Sci-Fi            ",8,6,nm0931223,Maiya Williams,,"(2 episodes, 2010-2013)",,female,[]
2011,tt0149460,Futurama,(1999–2013),"
Animation, Comedy, Sci-Fi            ",8,6,nm1132209,Aaron Ehasz,,"(5 episodes, 2001-2011)",,male,[]
2011,tt0149460,Futurama,(1999–2013),"
Animation, Comedy, Sci-Fi            ",8,6,nm0395489,Eric Horsted,,"(15 episodes, 1999-2013)","co-executive producer / producer (112 episodes, 1999-2013)",male,['Outstanding Animated Program 2011']
2011,tt0149460,Futurama,(1999–2013),"
Animation, Comedy, Sci-Fi            ",8,6,nm0441656,Claudia Katz,,,"producer (124 episodes, 1999-2013)",female,['Outstanding Animated Program 2011']
2011,tt0149460,Futurama,(1999–2013),"
Animation, Comedy, Sci-Fi            ",8,6,nm0616261,Raymie Muzquiz,"(8 episodes, 2010-2013)",,,unknown,[]
2011,tt0149460,Futurama,(1999–2013),"
Animation, Comedy, Sci-Fi            ",8,6,nm0547772,Frank Marino,"(8 episodes, 2010-2013)",,,male,[]
2011,tt0149460,Futurama,(1999–2013),"
Animation, Comedy, Sci-Fi            ",8,6,nm0839467,Lee Supercinski,,,"producer / associate producer (70 episodes, 2002-2013)",mostly_male,['Outstanding Animated Program 2011']
2011,tt0149460,Futurama,(1999–2013),"
Animation, Comedy, Sci-Fi            ",8,6,nm1304857,Edmund Fong,"(5 episodes, 2011-2013)",,,male,[]
2011,tt0149460,Futurama,(1999–2013),"
Animation, Comedy, Sci-Fi            ",8,6,nm1409955,Elise Belknap,,,"assistant producer / associate producer / animation associate producer (33 episodes, 2002-2013)",female,[]
2011,tt0149460,Futurama,(1999–2013),"
Animation, Comedy, Sci-Fi            ",8,6,nm1776046,Stephen Sandoval,"(8 episodes, 2010-2013)",,,male,[]
2011,tt0149460,Futurama,(1999–2013),"
Animation, Comedy, Sci-Fi            ",8,6,nm0889405,Gregg Vanzo,,,"animation executive producer (115 episodes, 1999-2013)",male,['Outstanding Animated Program 2011']
2011,tt0149460,Futurama,(1999–2013),"
Animation, Comedy, Sci-Fi            ",8,6,nm0894890,Patric M. Verrone,,"(13 episodes, 1999-2013)","supervising producer / co-executive producer / producer (123 episodes, 1999-2013)",male,['Outstanding Animated Program 2011']
2011,tt0149460,Futurama,(1999–2013),"
Animation, Comedy, Sci-Fi            ",8,6,nm0891551,Dan Vebber,,"(10 episodes, 2001-2013)","co-executive producer / co-producer (67 episodes, 2002-2013)",male,['Outstanding Animated Program 2011']
2011,tt0149460,Futurama,(1999–2013),"
Animation, Comedy, Sci-Fi            ",8,6,nm0122695,J. Stewart Burns,,"(8 episodes, 1999-2011)",,unknown,[]
2011,tt0149460,Futurama,(1999–2013),"
Animation, Comedy, Sci-Fi            ",8,6,nm0004981,Matt Groening,,"(created by) (124 episodes, 1999-2013)","executive producer (124 episodes, 1999-2013)",male,['Outstanding Animated Program 2011']
2011,tt0149460,Futurama,(1999–2013),"
Animation, Comedy, Sci-Fi            ",8,6,nm0444517,Ken Keeler,,"(14 episodes, 1999-2013)","executive producer / co-executive producer (124 episodes, 1999-2013)",male,['Outstanding Animated Program 2011']
2011,tt0149460,Futurama,(1999–2013),"
Animation, Comedy, Sci-Fi            ",8,6,nm1434884,Crystal Chesney,"(8 episodes, 2010-2013)",,,female,[]
2011,tt0149460,Futurama,(1999–2013),"
Animation, Comedy, Sci-Fi            ",8,6,nm0608034,Lewis Morton,,"(12 episodes, 1999-2013)",,male,['Outstanding Animated Program 2011']
2011,tt0149460,Futurama,(1999–2013),"
Animation, Comedy, Sci-Fi            ",8,6,nm1397147,Eric Rogers,,"(5 episodes, 2000-2013)",,male,[]
2011,tt0149460,Futurama,(1999–2013),"
Animation, Comedy, Sci-Fi            ",8,6,nm0746573,Michael Rowe,,"(7 episodes, 2003-2013)","co-executive producer / producer (70 episodes, 2002-2013)",male,['Outstanding Animated Program 2011']
2011,tt0149460,Futurama,(1999–2013),"
Animation, Comedy, Sci-Fi            ",8,6,nm1413695,Geraldine Symon,,,"producer: main title sequence / animation line producer / digital line producer / line producer / producer: main title (87 episodes, 1999-2013)",female,[]
2011,tt0149460,Futurama,(1999–2013),"
Animation, Comedy, Sci-Fi            ",8,6,nm1401752,Dwayne Carey-Hill,"(6 episodes, 2003-2012)",,,male,[]
2011,tt0149460,Futurama,(1999–2013),"
Animation, Comedy, Sci-Fi            ",8,6,nm0430781,Josh Weinstein,,"(6 episodes, 2010-2013)","co-executive producer / consulting producer (74 episodes, 2001-2013)",male,['Outstanding Animated Program 2011']
2011,tt0149460,Futurama,(1999–2013),"
Animation, Comedy, Sci-Fi            ",8,6,nm1401833,Ray Claffey,"(3 episodes, 2010-2011)",,,mostly_male,[]
2011,tt0149460,Futurama,(1999–2013),"
Animation, Comedy, Sci-Fi            ",8,6,nm0169326,David X. Cohen,,"(developed by) (124 episodes, 1999-2013)","executive producer (124 episodes, 1999-2013)",male,['Outstanding Animated Program 2011']
2011,tt0149460,Futurama,(1999–2013),"
Animation, Comedy, Sci-Fi            ",8,6,nm0042796,Peter Avanzino,"(28 episodes, 1999-2013)",,,male,['Outstanding Animated Program 2011']
2012,tt0149460,Futurama,(1999–2013),"
Animation, Comedy, Sci-Fi            ",8,6,nm3429256,Neil Mukhopadhyay,,"(1 episode, 2012)",,male,[]
2012,tt0149460,Futurama,(1999–2013),"
Animation, Comedy, Sci-Fi            ",8,6,nm0931223,Maiya Williams,,"(2 episodes, 2010-2013)",,female,[]
2012,tt0149460,Futurama,(1999–2013),"
Animation, Comedy, Sci-Fi            ",8,6,nm0395489,Eric Horsted,,"(15 episodes, 1999-2013)","co-executive producer / producer (112 episodes, 1999-2013)",male,['Nom. Outstanding Animated Program 2012']
2012,tt0149460,Futurama,(1999–2013),"
Animation, Comedy, Sci-Fi            ",8,6,nm0441656,Claudia Katz,,,"producer (124 episodes, 1999-2013)",female,['Nom. Outstanding Animated Program 2012']
2012,tt0149460,Futurama,(1999–2013),"
Animation, Comedy, Sci-Fi            ",8,6,nm0616261,Raymie Muzquiz,"(8 episodes, 2010-2013)",,,unknown,['Nom. Outstanding Animated Program 2012']
2012,tt0149460,Futurama,(1999–2013),"
Animation, Comedy, Sci-Fi            ",8,6,nm0547772,Frank Marino,"(8 episodes, 2010-2013)",,,male,[]
2012,tt0149460,Futurama,(1999–2013),"
Animation, Comedy, Sci-Fi            ",8,6,nm0839467,Lee Supercinski,,,"producer / associate producer (70 episodes, 2002-2013)",mostly_male,['Nom. Outstanding Animated Program 2012']
2012,tt0149460,Futurama,(1999–2013),"
Animation, Comedy, Sci-Fi            ",8,6,nm1712268,Michael Saikin,,"(1 episode, 2012)",,male,[]
2012,tt0149460,Futurama,(1999–2013),"
Animation, Comedy, Sci-Fi            ",8,6,nm1304857,Edmund Fong,"(5 episodes, 2011-2013)",,,male,[]
2012,tt0149460,Futurama,(1999–2013),"
Animation, Comedy, Sci-Fi            ",8,6,nm1409955,Elise Belknap,,,"assistant producer / associate producer / animation associate producer (33 episodes, 2002-2013)",female,[]
2012,tt0149460,Futurama,(1999–2013),"
Animation, Comedy, Sci-Fi            ",8,6,nm1776046,Stephen Sandoval,"(8 episodes, 2010-2013)",,,male,[]
2012,tt0149460,Futurama,(1999–2013),"
Animation, Comedy, Sci-Fi            ",8,6,nm0889405,Gregg Vanzo,,,"animation executive producer (115 episodes, 1999-2013)",male,['Nom. Outstanding Animated Program 2012']
2012,tt0149460,Futurama,(1999–2013),"
Animation, Comedy, Sci-Fi            ",8,6,nm0894890,Patric M. Verrone,,"(13 episodes, 1999-2013)","supervising producer / co-executive producer / producer (123 episodes, 1999-2013)",male,['Nom. Outstanding Animated Program 2012']
2012,tt0149460,Futurama,(1999–2013),"
Animation, Comedy, Sci-Fi            ",8,6,nm2204158,Michael Hughes,,,"associate producer (26 episodes, 2012-2013)",male,[]
2012,tt0149460,Futurama,(1999–2013),"
Animation, Comedy, Sci-Fi            ",8,6,nm0891551,Dan Vebber,,"(10 episodes, 2001-2013)","co-executive producer / co-producer (67 episodes, 2002-2013)",male,['Nom. Outstanding Animated Program 2012']
2012,tt0149460,Futurama,(1999–2013),"
Animation, Comedy, Sci-Fi            ",8,6,nm0004981,Matt Groening,,"(created by) (124 episodes, 1999-2013)","executive producer (124 episodes, 1999-2013)",male,['Nom. Outstanding Animated Program 2012']
2012,tt0149460,Futurama,(1999–2013),"
Animation, Comedy, Sci-Fi            ",8,6,nm0469592,Lance Kramer,"(3 episodes, 2012-2013)",,,male,[]
2012,tt0149460,Futurama,(1999–2013),"
Animation, Comedy, Sci-Fi            ",8,6,nm0444517,Ken Keeler,,"(14 episodes, 1999-2013)","executive producer / co-executive producer (124 episodes, 1999-2013)",male,['Nom. Outstanding Animated Program 2012']
2012,tt0149460,Futurama,(1999–2013),"
Animation, Comedy, Sci-Fi            ",8,6,nm1434884,Crystal Chesney,"(8 episodes, 2010-2013)",,,female,[]
2012,tt0149460,Futurama,(1999–2013),"
Animation, Comedy, Sci-Fi            ",8,6,nm0608034,Lewis Morton,,"(12 episodes, 1999-2013)",,male,[]
2012,tt0149460,Futurama,(1999–2013),"
Animation, Comedy, Sci-Fi            ",8,6,nm1397147,Eric Rogers,,"(5 episodes, 2000-2013)",,male,[]
2012,tt0149460,Futurama,(1999–2013),"
Animation, Comedy, Sci-Fi            ",8,6,nm0746573,Michael Rowe,,"(7 episodes, 2003-2013)","co-executive producer / producer (70 episodes, 2002-2013)",male,['Nom. Outstanding Animated Program 2012']
2012,tt0149460,Futurama,(1999–2013),"
Animation, Comedy, Sci-Fi            ",8,6,nm1413695,Geraldine Symon,,,"producer: main title sequence / animation line producer / digital line producer / line producer / producer: main title (87 episodes, 1999-2013)",female,[]
2012,tt0149460,Futurama,(1999–2013),"
Animation, Comedy, Sci-Fi            ",8,6,nm1401752,Dwayne Carey-Hill,"(6 episodes, 2003-2012)",,,male,[]
2012,tt0149460,Futurama,(1999–2013),"
Animation, Comedy, Sci-Fi            ",8,6,nm0430781,Josh Weinstein,,"(6 episodes, 2010-2013)","co-executive producer / consulting producer (74 episodes, 2001-2013)",male,['Nom. Outstanding Animated Program 2012']
2012,tt0149460,Futurama,(1999–2013),"
Animation, Comedy, Sci-Fi            ",8,6,nm0169326,David X. Cohen,,"(developed by) (124 episodes, 1999-2013)","executive producer (124 episodes, 1999-2013)",male,['Nom. Outstanding Animated Program 2012']
2012,tt0149460,Futurama,(1999–2013),"
Animation, Comedy, Sci-Fi            ",8,6,nm0042796,Peter Avanzino,"(28 episodes, 1999-2013)",,,male,['Nom. Outstanding Animated Program 2012']
2013,tt0149460,Futurama,(1999–2013),"
Animation, Comedy, Sci-Fi            ",8,6,nm0931223,Maiya Williams,,"(2 episodes, 2010-2013)",,female,[]
2013,tt0149460,Futurama,(1999–2013),"
Animation, Comedy, Sci-Fi            ",8,6,nm0395489,Eric Horsted,,"(15 episodes, 1999-2013)","co-executive producer / producer (112 episodes, 1999-2013)",male,[]
2013,tt0149460,Futurama,(1999–2013),"
Animation, Comedy, Sci-Fi            ",8,6,nm0441656,Claudia Katz,,,"producer (124 episodes, 1999-2013)",female,[]
2013,tt0149460,Futurama,(1999–2013),"
Animation, Comedy, Sci-Fi            ",8,6,nm0616261,Raymie Muzquiz,"(8 episodes, 2010-2013)",,,unknown,[]
2013,tt0149460,Futurama,(1999–2013),"
Animation, Comedy, Sci-Fi            ",8,6,nm0547772,Frank Marino,"(8 episodes, 2010-2013)",,,male,[]
2013,tt0149460,Futurama,(1999–2013),"
Animation, Comedy, Sci-Fi            ",8,6,nm0839467,Lee Supercinski,,,"producer / associate producer (70 episodes, 2002-2013)",mostly_male,[]
2013,tt0149460,Futurama,(1999–2013),"
Animation, Comedy, Sci-Fi            ",8,6,nm1304857,Edmund Fong,"(5 episodes, 2011-2013)",,,male,[]
2013,tt0149460,Futurama,(1999–2013),"
Animation, Comedy, Sci-Fi            ",8,6,nm1409955,Elise Belknap,,,"assistant producer / associate producer / animation associate producer (33 episodes, 2002-2013)",female,[]
2013,tt0149460,Futurama,(1999–2013),"
Animation, Comedy, Sci-Fi            ",8,6,nm1776046,Stephen Sandoval,"(8 episodes, 2010-2013)",,,male,[]
2013,tt0149460,Futurama,(1999–2013),"
Animation, Comedy, Sci-Fi            ",8,6,nm0889405,Gregg Vanzo,,,"animation executive producer (115 episodes, 1999-2013)",male,[]
2013,tt0149460,Futurama,(1999–2013),"
Animation, Comedy, Sci-Fi            ",8,6,nm0894890,Patric M. Verrone,,"(13 episodes, 1999-2013)","supervising producer / co-executive producer / producer (123 episodes, 1999-2013)",male,[]
2013,tt0149460,Futurama,(1999–2013),"
Animation, Comedy, Sci-Fi            ",8,6,nm2204158,Michael Hughes,,,"associate producer (26 episodes, 2012-2013)",male,[]
2013,tt0149460,Futurama,(1999–2013),"
Animation, Comedy, Sci-Fi            ",8,6,nm0891551,Dan Vebber,,"(10 episodes, 2001-2013)","co-executive producer / co-producer (67 episodes, 2002-2013)",male,[]
2013,tt0149460,Futurama,(1999–2013),"
Animation, Comedy, Sci-Fi            ",8,6,nm0004981,Matt Groening,,"(created by) (124 episodes, 1999-2013)","executive producer (124 episodes, 1999-2013)",male,[]
2013,tt0149460,Futurama,(1999–2013),"
Animation, Comedy, Sci-Fi            ",8,6,nm0469592,Lance Kramer,"(3 episodes, 2012-2013)",,,male,[]
2013,tt0149460,Futurama,(1999–2013),"
Animation, Comedy, Sci-Fi            ",8,6,nm0444517,Ken Keeler,,"(14 episodes, 1999-2013)","executive producer / co-executive producer (124 episodes, 1999-2013)",male,[]
2013,tt0149460,Futurama,(1999–2013),"
Animation, Comedy, Sci-Fi            ",8,6,nm1434884,Crystal Chesney,"(8 episodes, 2010-2013)",,,female,[]
2013,tt0149460,Futurama,(1999–2013),"
Animation, Comedy, Sci-Fi            ",8,6,nm0608034,Lewis Morton,,"(12 episodes, 1999-2013)",,male,[]
2013,tt0149460,Futurama,(1999–2013),"
Animation, Comedy, Sci-Fi            ",8,6,nm1397147,Eric Rogers,,"(5 episodes, 2000-2013)",,male,[]
2013,tt0149460,Futurama,(1999–2013),"
Animation, Comedy, Sci-Fi            ",8,6,nm0746573,Michael Rowe,,"(7 episodes, 2003-2013)","co-executive producer / producer (70 episodes, 2002-2013)",male,[]
2013,tt0149460,Futurama,(1999–2013),"
Animation, Comedy, Sci-Fi            ",8,6,nm1413695,Geraldine Symon,,,"producer: main title sequence / animation line producer / digital line producer / line producer / producer: main title (87 episodes, 1999-2013)",female,[]
2013,tt0149460,Futurama,(1999–2013),"
Animation, Comedy, Sci-Fi            ",8,6,nm0430781,Josh Weinstein,,"(6 episodes, 2010-2013)","co-executive producer / consulting producer (74 episodes, 2001-2013)",male,[]
2013,tt0149460,Futurama,(1999–2013),"
Animation, Comedy, Sci-Fi            ",8,6,nm0169326,David X. Cohen,,"(developed by) (124 episodes, 1999-2013)","executive producer (124 episodes, 1999-2013)",male,[]
2013,tt0149460,Futurama,(1999–2013),"
Animation, Comedy, Sci-Fi            ",8,6,nm0042796,Peter Avanzino,"(28 episodes, 1999-2013)",,,male,[]
