1988,tt0094514,Murphy Brown,(1988–2018),"
Comedy            ",44,18,nm0807920,Deborah Smith,,,"supervising producer / co-producer / producer (93 episodes, 1988-1998)",female,[]
1988,tt0094514,Murphy Brown,(1988–2018),"
Comedy            ",44,18,nm0941041,Russ Woody,,"(10 episodes, 1988-2018)","producer (12 episodes, 1988-1990)",male,[]
1988,tt0094514,Murphy Brown,(1988–2018),"
Comedy            ",44,18,nm0257606,Diane English,,"(creator) (260 episodes, 1988-2018)","executive producer (26 episodes, 1988-2018)",female,[]
1988,tt0094514,Murphy Brown,(1988–2018),"
Comedy            ",44,18,nm0446060,Barnet Kellman,"(77 episodes, 1988-2018)",,,unknown,[]
1988,tt0094514,Murphy Brown,(1988–2018),"
Comedy            ",44,18,nm0796182,Korby Siamis,,"(16 episodes, 1988-1994)","consulting producer / supervising producer / executive producer (182 episodes, 1988-1998)",unknown,[]
1988,tt0094514,Murphy Brown,(1988–2018),"
Comedy            ",44,18,nm0795669,Joel Shukovsky,,,"executive producer / consulting executive producer (25 episodes, 1988-2018)",male,[]
1988,tt0094514,Murphy Brown,(1988–2018),"
Comedy            ",44,18,nm0655128,Frank Pace,,,"producer (10 episodes, 1988-2018)",male,[]
1989,tt0094514,Murphy Brown,(1988–2018),"
Comedy            ",44,18,nm0807920,Deborah Smith,,,"supervising producer / co-producer / producer (93 episodes, 1988-1998)",female,['Nom. Outstanding Comedy Series 1989']
1989,tt0094514,Murphy Brown,(1988–2018),"
Comedy            ",44,18,nm0941041,Russ Woody,,"(10 episodes, 1988-2018)","producer (12 episodes, 1988-1990)",male,['Nom. Outstanding Comedy Series 1989']
1989,tt0094514,Murphy Brown,(1988–2018),"
Comedy            ",44,18,nm0781576,Tom Seeley,,"(16 episodes, 1989-2018)","co-executive producer / producer / co-producer (49 episodes, 1989-2018)",male,['Nom. Outstanding Comedy Series 1989']
1989,tt0094514,Murphy Brown,(1988–2018),"
Comedy            ",44,18,nm0048630,Kathryn Baker,,"(3 episodes, 1989)",,female,[]
1989,tt0094514,Murphy Brown,(1988–2018),"
Comedy            ",44,18,nm0241146,Sy Dukane,,"(12 episodes, 1989-1991)",,mostly_male,[]
1989,tt0094514,Murphy Brown,(1988–2018),"
Comedy            ",44,18,nm0375140,DeAnn Heline,,,"producer / co-producer (72 episodes, 1989-1995)",unknown,[]
1989,tt0094514,Murphy Brown,(1988–2018),"
Comedy            ",44,18,nm0257606,Diane English,,"(creator) (260 episodes, 1988-2018)","executive producer (26 episodes, 1988-2018)",female,"['Outstanding Writing in a Comedy Series 1989', 'Nom. Outstanding Comedy Series 1989']"
1989,tt0094514,Murphy Brown,(1988–2018),"
Comedy            ",44,18,nm0446060,Barnet Kellman,"(77 episodes, 1988-2018)",,"producer (17 episodes, 1989-1991)",unknown,['Nom. Outstanding Directing in a Comedy Series 1989']
1989,tt0094514,Murphy Brown,(1988–2018),"
Comedy            ",44,18,nm0388849,Craig Hoffman,,"(2 episodes, 1989-1990)",,male,[]
1989,tt0094514,Murphy Brown,(1988–2018),"
Comedy            ",44,18,nm0608946,Denise Moss,,"(12 episodes, 1989-1991)",,female,[]
1989,tt0094514,Murphy Brown,(1988–2018),"
Comedy            ",44,18,nm0233108,Gary Dontzig,,"(26 episodes, 1989-2018)","supervising producer / executive producer / producer / co-executive producer (25 episodes, 1989-2018)",male,[]
1989,tt0094514,Murphy Brown,(1988–2018),"
Comedy            ",44,18,nm0796182,Korby Siamis,,"(16 episodes, 1988-1994)","consulting producer / supervising producer / executive producer (182 episodes, 1988-1998)",unknown,['Nom. Outstanding Comedy Series 1989']
1989,tt0094514,Murphy Brown,(1988–2018),"
Comedy            ",44,18,nm0374694,Eileen Heisler,,,"producer / co-producer (71 episodes, 1989-1995)",female,[]
1989,tt0094514,Murphy Brown,(1988–2018),"
Comedy            ",44,18,nm0795669,Joel Shukovsky,,,"executive producer / consulting executive producer (25 episodes, 1988-2018)",male,['Nom. Outstanding Comedy Series 1989']
1989,tt0094514,Murphy Brown,(1988–2018),"
Comedy            ",44,18,nm0348427,Norm Gunzenhauser,,"(17 episodes, 1989-2018)","co-executive producer / producer (46 episodes, 1989-2018)",unknown,['Nom. Outstanding Comedy Series 1989']
1989,tt0094514,Murphy Brown,(1988–2018),"
Comedy            ",44,18,nm0655128,Frank Pace,,,"producer (10 episodes, 1988-2018)",male,['Nom. Outstanding Comedy Series 1989']
1989,tt0094514,Murphy Brown,(1988–2018),"
Comedy            ",44,18,nm0676295,Steven Peterman,,"(26 episodes, 1989-2018)","supervising producer / executive producer / co-executive producer / producer (25 episodes, 1989-2018)",male,[]
1990,tt0094514,Murphy Brown,(1988–2018),"
Comedy            ",44,18,nm0807920,Deborah Smith,,,"supervising producer / co-producer / producer (93 episodes, 1988-1998)",female,['Outstanding Comedy Series 1990']
1990,tt0094514,Murphy Brown,(1988–2018),"
Comedy            ",44,18,nm0941041,Russ Woody,,"(10 episodes, 1988-2018)","producer (12 episodes, 1988-1990)",male,['Outstanding Comedy Series 1990']
1990,tt0094514,Murphy Brown,(1988–2018),"
Comedy            ",44,18,nm0781576,Tom Seeley,,"(16 episodes, 1989-2018)","co-executive producer / producer / co-producer (49 episodes, 1989-2018)",male,['Outstanding Comedy Series 1990']
1990,tt0094514,Murphy Brown,(1988–2018),"
Comedy            ",44,18,nm0241146,Sy Dukane,,"(12 episodes, 1989-1991)",,mostly_male,[]
1990,tt0094514,Murphy Brown,(1988–2018),"
Comedy            ",44,18,nm0375140,DeAnn Heline,,,"producer / co-producer (72 episodes, 1989-1995)",unknown,[]
1990,tt0094514,Murphy Brown,(1988–2018),"
Comedy            ",44,18,nm1168434,Chris R. Westphal,,"(1 episode, 1990)",,mostly_male,[]
1990,tt0094514,Murphy Brown,(1988–2018),"
Comedy            ",44,18,nm1162904,Marilyn Anderson,,"(1 episode, 1990)",,female,[]
1990,tt0094514,Murphy Brown,(1988–2018),"
Comedy            ",44,18,nm0006815,Scott Kaufer,,"(2 episodes, 1990-1991)",,male,[]
1990,tt0094514,Murphy Brown,(1988–2018),"
Comedy            ",44,18,nm0257606,Diane English,,"(creator) (260 episodes, 1988-2018)","executive producer (26 episodes, 1988-2018)",female,"['Outstanding Comedy Series 1990', 'Nom. Outstanding Writing in a Comedy Series 1990']"
1990,tt0094514,Murphy Brown,(1988–2018),"
Comedy            ",44,18,nm1166189,Deborah Markoe-Klein,,"(1 episode, 1990)",,female,[]
1990,tt0094514,Murphy Brown,(1988–2018),"
Comedy            ",44,18,nm0658479,Tom Palmer,,"(18 episodes, 1990-2018)","consulting producer / co-supervising producer / co-executive producer (37 episodes, 1990-2018)",male,[]
1990,tt0094514,Murphy Brown,(1988–2018),"
Comedy            ",44,18,nm0446060,Barnet Kellman,"(77 episodes, 1988-2018)",,"producer (17 episodes, 1989-1991)",unknown,"['Outstanding Comedy Series 1990', 'Nom. Outstanding Directing in a Comedy Series 1990']"
1990,tt0094514,Murphy Brown,(1988–2018),"
Comedy            ",44,18,nm0388849,Craig Hoffman,,"(2 episodes, 1989-1990)",,male,[]
1990,tt0094514,Murphy Brown,(1988–2018),"
Comedy            ",44,18,nm0608946,Denise Moss,,"(12 episodes, 1989-1991)",,female,[]
1990,tt0094514,Murphy Brown,(1988–2018),"
Comedy            ",44,18,nm0233108,Gary Dontzig,,"(26 episodes, 1989-2018)","supervising producer / executive producer / producer / co-executive producer (25 episodes, 1989-2018)",male,['Outstanding Comedy Series 1990']
1990,tt0094514,Murphy Brown,(1988–2018),"
Comedy            ",44,18,nm0796182,Korby Siamis,,"(16 episodes, 1988-1994)","consulting producer / supervising producer / executive producer (182 episodes, 1988-1998)",unknown,['Outstanding Comedy Series 1990']
1990,tt0094514,Murphy Brown,(1988–2018),"
Comedy            ",44,18,nm0374694,Eileen Heisler,,,"producer / co-producer (71 episodes, 1989-1995)",female,[]
1990,tt0094514,Murphy Brown,(1988–2018),"
Comedy            ",44,18,nm1163814,Lisa Chernin,,"(1 episode, 1990)",,female,[]
1990,tt0094514,Murphy Brown,(1988–2018),"
Comedy            ",44,18,nm0795669,Joel Shukovsky,,,"executive producer / consulting executive producer (25 episodes, 1988-2018)",male,['Outstanding Comedy Series 1990']
1990,tt0094514,Murphy Brown,(1988–2018),"
Comedy            ",44,18,nm0348427,Norm Gunzenhauser,,"(17 episodes, 1989-2018)","co-executive producer / producer (46 episodes, 1989-2018)",unknown,['Outstanding Comedy Series 1990']
1990,tt0094514,Murphy Brown,(1988–2018),"
Comedy            ",44,18,nm0655128,Frank Pace,,,"producer (10 episodes, 1988-2018)",male,[]
1990,tt0094514,Murphy Brown,(1988–2018),"
Comedy            ",44,18,nm0722730,Billy Riback,,"(1 episode, 1990)",,male,[]
1990,tt0094514,Murphy Brown,(1988–2018),"
Comedy            ",44,18,nm0676295,Steven Peterman,,"(26 episodes, 1989-2018)","supervising producer / executive producer / co-executive producer / producer (25 episodes, 1989-2018)",male,['Outstanding Comedy Series 1990']
1991,tt0094514,Murphy Brown,(1988–2018),"
Comedy            ",44,18,nm0455078,Michael Patrick King,,"(10 episodes, 1991-1993)",,male,[]
1991,tt0094514,Murphy Brown,(1988–2018),"
Comedy            ",44,18,nm0807920,Deborah Smith,,,"supervising producer / co-producer / producer (93 episodes, 1988-1998)",female,['Nom. Outstanding Comedy Series 1991']
1991,tt0094514,Murphy Brown,(1988–2018),"
Comedy            ",44,18,nm0941041,Russ Woody,,"(10 episodes, 1988-2018)",,male,[]
1991,tt0094514,Murphy Brown,(1988–2018),"
Comedy            ",44,18,nm0781576,Tom Seeley,,"(16 episodes, 1989-2018)","co-executive producer / producer / co-producer (49 episodes, 1989-2018)",male,[]
1991,tt0094514,Murphy Brown,(1988–2018),"
Comedy            ",44,18,nm0094288,Peter Bonerz,"(93 episodes, 1991-1998)",,,male,[]
1991,tt0094514,Murphy Brown,(1988–2018),"
Comedy            ",44,18,nm0241146,Sy Dukane,,"(12 episodes, 1989-1991)",,mostly_male,[]
1991,tt0094514,Murphy Brown,(1988–2018),"
Comedy            ",44,18,nm0375140,DeAnn Heline,,,"producer / co-producer (72 episodes, 1989-1995)",unknown,[]
1991,tt0094514,Murphy Brown,(1988–2018),"
Comedy            ",44,18,nm1162905,Sam Austin,,"(1 episode, 1991)",,mostly_male,[]
1991,tt0094514,Murphy Brown,(1988–2018),"
Comedy            ",44,18,nm0049975,Peter Baldwin,"(6 episodes, 1991-1992)",,,male,[]
1991,tt0094514,Murphy Brown,(1988–2018),"
Comedy            ",44,18,nm0006815,Scott Kaufer,,"(2 episodes, 1990-1991)",,male,[]
1991,tt0094514,Murphy Brown,(1988–2018),"
Comedy            ",44,18,nm0257606,Diane English,,"(creator) (260 episodes, 1988-2018)","executive producer (26 episodes, 1988-2018)",female,"['Nom. Outstanding Comedy Series 1991', 'Nom. Outstanding Writing in a Comedy Series 1991']"
1991,tt0094514,Murphy Brown,(1988–2018),"
Comedy            ",44,18,nm0658479,Tom Palmer,,"(18 episodes, 1990-2018)","consulting producer / co-supervising producer / co-executive producer (37 episodes, 1990-2018)",male,['Nom. Outstanding Comedy Series 1991']
1991,tt0094514,Murphy Brown,(1988–2018),"
Comedy            ",44,18,nm0064186,Anne Beatts,,"(1 episode, 1991)",,female,[]
1991,tt0094514,Murphy Brown,(1988–2018),"
Comedy            ",44,18,nm0446060,Barnet Kellman,"(77 episodes, 1988-2018)",,"producer (17 episodes, 1989-1991)",unknown,"['Nom. Outstanding Comedy Series 1991', 'Nom. Outstanding Directing in a Comedy Series 1991']"
1991,tt0094514,Murphy Brown,(1988–2018),"
Comedy            ",44,18,nm0608946,Denise Moss,,"(12 episodes, 1989-1991)",,female,[]
1991,tt0094514,Murphy Brown,(1988–2018),"
Comedy            ",44,18,nm0233108,Gary Dontzig,,"(26 episodes, 1989-2018)","supervising producer / executive producer / producer / co-executive producer (25 episodes, 1989-2018)",male,"['Outstanding Writing in a Comedy Series 1991', 'Nom. Outstanding Comedy Series 1991']"
1991,tt0094514,Murphy Brown,(1988–2018),"
Comedy            ",44,18,nm0796182,Korby Siamis,,"(16 episodes, 1988-1994)","consulting producer / supervising producer / executive producer (182 episodes, 1988-1998)",unknown,['Nom. Outstanding Comedy Series 1991']
1991,tt0094514,Murphy Brown,(1988–2018),"
Comedy            ",44,18,nm0374694,Eileen Heisler,,,"producer / co-producer (71 episodes, 1989-1995)",female,[]
1991,tt0094514,Murphy Brown,(1988–2018),"
Comedy            ",44,18,nm0795669,Joel Shukovsky,,,"executive producer / consulting executive producer (25 episodes, 1988-2018)",male,['Nom. Outstanding Comedy Series 1991']
1991,tt0094514,Murphy Brown,(1988–2018),"
Comedy            ",44,18,nm0348427,Norm Gunzenhauser,,"(17 episodes, 1989-2018)","co-executive producer / producer (46 episodes, 1989-2018)",unknown,[]
1991,tt0094514,Murphy Brown,(1988–2018),"
Comedy            ",44,18,nm0655128,Frank Pace,,,"producer (10 episodes, 1988-2018)",male,[]
1991,tt0094514,Murphy Brown,(1988–2018),"
Comedy            ",44,18,nm0865847,Peter Tolan,,"(11 episodes, 1991-1993)",,male,[]
1991,tt0094514,Murphy Brown,(1988–2018),"
Comedy            ",44,18,nm0676295,Steven Peterman,,"(26 episodes, 1989-2018)","supervising producer / executive producer / co-executive producer / producer (25 episodes, 1989-2018)",male,"['Outstanding Writing in a Comedy Series 1991', 'Nom. Outstanding Comedy Series 1991']"
1992,tt0094514,Murphy Brown,(1988–2018),"
Comedy            ",44,18,nm0455078,Michael Patrick King,,"(10 episodes, 1991-1993)",,male,[]
1992,tt0094514,Murphy Brown,(1988–2018),"
Comedy            ",44,18,nm0807920,Deborah Smith,,,"supervising producer / co-producer / producer (93 episodes, 1988-1998)",female,['Outstanding Comedy Series 1992']
1992,tt0094514,Murphy Brown,(1988–2018),"
Comedy            ",44,18,nm0941041,Russ Woody,,"(10 episodes, 1988-2018)",,male,[]
1992,tt0094514,Murphy Brown,(1988–2018),"
Comedy            ",44,18,nm0781576,Tom Seeley,,"(16 episodes, 1989-2018)","co-executive producer / producer / co-producer (49 episodes, 1989-2018)",male,[]
1992,tt0094514,Murphy Brown,(1988–2018),"
Comedy            ",44,18,nm0094288,Peter Bonerz,"(93 episodes, 1991-1998)",,,male,[]
1992,tt0094514,Murphy Brown,(1988–2018),"
Comedy            ",44,18,nm0375140,DeAnn Heline,,,"producer / co-producer (72 episodes, 1989-1995)",unknown,[]
1992,tt0094514,Murphy Brown,(1988–2018),"
Comedy            ",44,18,nm0036950,Lee Aronsohn,,"(4 episodes, 1992-1993)",,mostly_male,[]
1992,tt0094514,Murphy Brown,(1988–2018),"
Comedy            ",44,18,nm0049975,Peter Baldwin,"(6 episodes, 1991-1992)",,,male,[]
1992,tt0094514,Murphy Brown,(1988–2018),"
Comedy            ",44,18,nm0257606,Diane English,,"(creator) (260 episodes, 1988-2018)","executive producer (26 episodes, 1988-2018)",female,"['Outstanding Comedy Series 1992', 'Nom. Outstanding Individual Achievement in Writing in a Comedy Series 1992']"
1992,tt0094514,Murphy Brown,(1988–2018),"
Comedy            ",44,18,nm0205216,Ned E. Davis,,,"producer / co-producer (62 episodes, 1992-1997)",male,[]
1992,tt0094514,Murphy Brown,(1988–2018),"
Comedy            ",44,18,nm0155117,Lee Shallat Chemel,"(26 episodes, 1992-1994)",,,mostly_male,['Nom. Outstanding Individual Achievement in Directing in a Comedy Series 1992']
1992,tt0094514,Murphy Brown,(1988–2018),"
Comedy            ",44,18,nm0658479,Tom Palmer,,"(18 episodes, 1990-2018)","consulting producer / co-supervising producer / co-executive producer (37 episodes, 1990-2018)",male,['Outstanding Comedy Series 1992']
1992,tt0094514,Murphy Brown,(1988–2018),"
Comedy            ",44,18,nm0446060,Barnet Kellman,"(77 episodes, 1988-2018)",,,unknown,['Outstanding Individual Achievement in Directing in a Comedy Series 1992']
1992,tt0094514,Murphy Brown,(1988–2018),"
Comedy            ",44,18,nm0938152,Thomas R. Wolfe,,"(1 episode, 1992)",,male,[]
1992,tt0094514,Murphy Brown,(1988–2018),"
Comedy            ",44,18,nm0233108,Gary Dontzig,,"(26 episodes, 1989-2018)","supervising producer / executive producer / producer / co-executive producer (25 episodes, 1989-2018)",male,"['Outstanding Comedy Series 1992', 'Nom. Outstanding Individual Achievement in Writing in a Comedy Series 1992']"
1992,tt0094514,Murphy Brown,(1988–2018),"
Comedy            ",44,18,nm0908531,Barbara Wallace,,"(1 episode, 1992)",,female,[]
1992,tt0094514,Murphy Brown,(1988–2018),"
Comedy            ",44,18,nm0825458,Eugene B. Stein,,"(2 episodes, 1992)",,male,[]
1992,tt0094514,Murphy Brown,(1988–2018),"
Comedy            ",44,18,nm0796182,Korby Siamis,,"(16 episodes, 1988-1994)","consulting producer / supervising producer / executive producer (182 episodes, 1988-1998)",unknown,"['Outstanding Comedy Series 1992', 'Nom. Outstanding Individual Achievement in Writing in a Comedy Series 1992']"
1992,tt0094514,Murphy Brown,(1988–2018),"
Comedy            ",44,18,nm0374694,Eileen Heisler,,,"producer / co-producer (71 episodes, 1989-1995)",female,[]
1992,tt0094514,Murphy Brown,(1988–2018),"
Comedy            ",44,18,nm0527683,Ron Lux,,"(1 episode, 1992)",,male,[]
1992,tt0094514,Murphy Brown,(1988–2018),"
Comedy            ",44,18,nm0795669,Joel Shukovsky,,,"executive producer / consulting executive producer (25 episodes, 1988-2018)",male,['Outstanding Comedy Series 1992']
1992,tt0094514,Murphy Brown,(1988–2018),"
Comedy            ",44,18,nm0348427,Norm Gunzenhauser,,"(17 episodes, 1989-2018)","co-executive producer / producer (46 episodes, 1989-2018)",unknown,[]
1992,tt0094514,Murphy Brown,(1988–2018),"
Comedy            ",44,18,nm0655128,Frank Pace,,,"producer (10 episodes, 1988-2018)",male,[]
1992,tt0094514,Murphy Brown,(1988–2018),"
Comedy            ",44,18,nm0865847,Peter Tolan,,"(11 episodes, 1991-1993)","co-producer (4 episodes, 1992)",male,['Outstanding Comedy Series 1992']
1992,tt0094514,Murphy Brown,(1988–2018),"
Comedy            ",44,18,nm0676295,Steven Peterman,,"(26 episodes, 1989-2018)","supervising producer / executive producer / co-executive producer / producer (25 episodes, 1989-2018)",male,"['Outstanding Comedy Series 1992', 'Nom. Outstanding Individual Achievement in Writing in a Comedy Series 1992']"
1993,tt0094514,Murphy Brown,(1988–2018),"
Comedy            ",44,18,nm0455078,Michael Patrick King,,"(10 episodes, 1991-1993)",,male,['Nom. Outstanding Comedy Series 1993']
1993,tt0094514,Murphy Brown,(1988–2018),"
Comedy            ",44,18,nm0807920,Deborah Smith,,,"supervising producer / co-producer / producer (93 episodes, 1988-1998)",female,['Nom. Outstanding Comedy Series 1993']
1993,tt0094514,Murphy Brown,(1988–2018),"
Comedy            ",44,18,nm0941041,Russ Woody,,"(10 episodes, 1988-2018)",,male,[]
1993,tt0094514,Murphy Brown,(1988–2018),"
Comedy            ",44,18,nm0781576,Tom Seeley,,"(16 episodes, 1989-2018)","co-executive producer / producer / co-producer (49 episodes, 1989-2018)",male,[]
1993,tt0094514,Murphy Brown,(1988–2018),"
Comedy            ",44,18,nm0094288,Peter Bonerz,"(93 episodes, 1991-1998)",,,male,['Nom. Outstanding Individual Achievement in Directing in a Comedy Series 1993']
1993,tt0094514,Murphy Brown,(1988–2018),"
Comedy            ",44,18,nm0375140,DeAnn Heline,,"(8 episodes, 1993-1995)","producer / co-producer (72 episodes, 1989-1995)",unknown,[]
1993,tt0094514,Murphy Brown,(1988–2018),"
Comedy            ",44,18,nm0036950,Lee Aronsohn,,"(4 episodes, 1992-1993)",,mostly_male,[]
1993,tt0094514,Murphy Brown,(1988–2018),"
Comedy            ",44,18,nm0005344,Joe Regalbuto,"(21 episodes, 1993-2018)",,,male,[]
1993,tt0094514,Murphy Brown,(1988–2018),"
Comedy            ",44,18,nm0456352,Dinah Kirgo,,"(1 episode, 1993)",,female,[]
1993,tt0094514,Murphy Brown,(1988–2018),"
Comedy            ",44,18,nm0257606,Diane English,,"(creator) (260 episodes, 1988-2018)","executive producer (26 episodes, 1988-2018)",female,[]
1993,tt0094514,Murphy Brown,(1988–2018),"
Comedy            ",44,18,nm0205216,Ned E. Davis,,,"producer / co-producer (62 episodes, 1992-1997)",male,['Nom. Outstanding Comedy Series 1993']
1993,tt0094514,Murphy Brown,(1988–2018),"
Comedy            ",44,18,nm0759167,Michael Saltzman,,"(13 episodes, 1993-1996)","supervising producer / co-executive producer / executive producer / producer (82 episodes, 1993-1996)",male,['Nom. Outstanding Comedy Series 1993']
1993,tt0094514,Murphy Brown,(1988–2018),"
Comedy            ",44,18,nm0155117,Lee Shallat Chemel,"(26 episodes, 1992-1994)",,,mostly_male,[]
1993,tt0094514,Murphy Brown,(1988–2018),"
Comedy            ",44,18,nm0658479,Tom Palmer,,"(18 episodes, 1990-2018)","consulting producer / co-supervising producer / co-executive producer (37 episodes, 1990-2018)",male,['Nom. Outstanding Comedy Series 1993']
1993,tt0094514,Murphy Brown,(1988–2018),"
Comedy            ",44,18,nm1041668,Ellen Svaco,,"(1 episode, 1993)",,female,[]
1993,tt0094514,Murphy Brown,(1988–2018),"
Comedy            ",44,18,nm0780051,Nell Scovell,,"(4 episodes, 1993-1994)",,female,[]
1993,tt0094514,Murphy Brown,(1988–2018),"
Comedy            ",44,18,nm0446060,Barnet Kellman,"(77 episodes, 1988-2018)",,,unknown,[]
1993,tt0094514,Murphy Brown,(1988–2018),"
Comedy            ",44,18,nm1044473,Colleen Taber,,"(1 episode, 1993)",,female,[]
1993,tt0094514,Murphy Brown,(1988–2018),"
Comedy            ",44,18,nm0004277,Adam Belanoff,,"(6 episodes, 1993-1998)",,male,[]
1993,tt0094514,Murphy Brown,(1988–2018),"
Comedy            ",44,18,nm0233108,Gary Dontzig,,"(26 episodes, 1989-2018)","supervising producer / executive producer / producer / co-executive producer (25 episodes, 1989-2018)",male,['Nom. Outstanding Comedy Series 1993']
1993,tt0094514,Murphy Brown,(1988–2018),"
Comedy            ",44,18,nm0796182,Korby Siamis,,"(16 episodes, 1988-1994)","consulting producer / supervising producer / executive producer (182 episodes, 1988-1998)",unknown,['Nom. Outstanding Comedy Series 1993']
1993,tt0094514,Murphy Brown,(1988–2018),"
Comedy            ",44,18,nm0374694,Eileen Heisler,,"(8 episodes, 1993-1995)","producer / co-producer (71 episodes, 1989-1995)",female,[]
1993,tt0094514,Murphy Brown,(1988–2018),"
Comedy            ",44,18,nm0103928,Rob Bragin,,"(15 episodes, 1993-1997)",,male,[]
1993,tt0094514,Murphy Brown,(1988–2018),"
Comedy            ",44,18,nm0795669,Joel Shukovsky,,,"executive producer / consulting executive producer (25 episodes, 1988-2018)",male,[]
1993,tt0094514,Murphy Brown,(1988–2018),"
Comedy            ",44,18,nm0420269,Bob Jeffords,,,"producer (77 episodes, 1993-1998)",male,[]
1993,tt0094514,Murphy Brown,(1988–2018),"
Comedy            ",44,18,nm0348427,Norm Gunzenhauser,,"(17 episodes, 1989-2018)","co-executive producer / producer (46 episodes, 1989-2018)",unknown,[]
1993,tt0094514,Murphy Brown,(1988–2018),"
Comedy            ",44,18,nm0655128,Frank Pace,,,"producer (10 episodes, 1988-2018)",male,[]
1993,tt0094514,Murphy Brown,(1988–2018),"
Comedy            ",44,18,nm0865847,Peter Tolan,,"(11 episodes, 1991-1993)",,male,['Nom. Outstanding Comedy Series 1993']
1993,tt0094514,Murphy Brown,(1988–2018),"
Comedy            ",44,18,nm0224590,Bill Diamond,,"(16 episodes, 1993-1997)",,male,['Nom. Outstanding Comedy Series 1993']
1993,tt0094514,Murphy Brown,(1988–2018),"
Comedy            ",44,18,nm0676295,Steven Peterman,,"(26 episodes, 1989-2018)","supervising producer / executive producer / co-executive producer / producer (25 episodes, 1989-2018)",male,['Nom. Outstanding Comedy Series 1993']
1994,tt0094514,Murphy Brown,(1988–2018),"
Comedy            ",44,18,nm0807920,Deborah Smith,,,"supervising producer / co-producer / producer (93 episodes, 1988-1998)",female,[]
1994,tt0094514,Murphy Brown,(1988–2018),"
Comedy            ",44,18,nm0941041,Russ Woody,,"(10 episodes, 1988-2018)",,male,[]
1994,tt0094514,Murphy Brown,(1988–2018),"
Comedy            ",44,18,nm0628214,Molly Newman,,"(1 episode, 1994)",,female,[]
1994,tt0094514,Murphy Brown,(1988–2018),"
Comedy            ",44,18,nm0781576,Tom Seeley,,"(16 episodes, 1989-2018)","co-executive producer / producer / co-producer (49 episodes, 1989-2018)",male,[]
1994,tt0094514,Murphy Brown,(1988–2018),"
Comedy            ",44,18,nm0094288,Peter Bonerz,"(93 episodes, 1991-1998)",,,male,[]
1994,tt0094514,Murphy Brown,(1988–2018),"
Comedy            ",44,18,nm0101337,John Bowman,,"(2 episodes, 1994-1995)","executive producer (88 episodes, 1994-1998)",male,[]
1994,tt0094514,Murphy Brown,(1988–2018),"
Comedy            ",44,18,nm0375140,DeAnn Heline,,"(8 episodes, 1993-1995)","producer / co-producer (72 episodes, 1989-1995)",unknown,[]
1994,tt0094514,Murphy Brown,(1988–2018),"
Comedy            ",44,18,nm0706347,Alan Rafkin,"(11 episodes, 1994-1995)",,,male,[]
1994,tt0094514,Murphy Brown,(1988–2018),"
Comedy            ",44,18,nm0005344,Joe Regalbuto,"(21 episodes, 1993-2018)",,,male,[]
1994,tt0094514,Murphy Brown,(1988–2018),"
Comedy            ",44,18,nm0257606,Diane English,,"(creator) (260 episodes, 1988-2018)","executive producer (26 episodes, 1988-2018)",female,[]
1994,tt0094514,Murphy Brown,(1988–2018),"
Comedy            ",44,18,nm0205216,Ned E. Davis,,,"producer / co-producer (62 episodes, 1992-1997)",male,[]
1994,tt0094514,Murphy Brown,(1988–2018),"
Comedy            ",44,18,nm0759167,Michael Saltzman,,"(13 episodes, 1993-1996)","supervising producer / co-executive producer / executive producer / producer (82 episodes, 1993-1996)",male,[]
1994,tt0094514,Murphy Brown,(1988–2018),"
Comedy            ",44,18,nm0155117,Lee Shallat Chemel,"(26 episodes, 1992-1994)",,,mostly_male,[]
1994,tt0094514,Murphy Brown,(1988–2018),"
Comedy            ",44,18,nm0658479,Tom Palmer,,"(18 episodes, 1990-2018)","consulting producer / co-supervising producer / co-executive producer (37 episodes, 1990-2018)",male,[]
1994,tt0094514,Murphy Brown,(1988–2018),"
Comedy            ",44,18,nm0780051,Nell Scovell,,"(4 episodes, 1993-1994)",,female,[]
1994,tt0094514,Murphy Brown,(1988–2018),"
Comedy            ",44,18,nm0446060,Barnet Kellman,"(77 episodes, 1988-2018)",,,unknown,[]
1994,tt0094514,Murphy Brown,(1988–2018),"
Comedy            ",44,18,nm0349370,Joey Gutierrez,,"(1 episode, 1994)",,male,[]
1994,tt0094514,Murphy Brown,(1988–2018),"
Comedy            ",44,18,nm0004277,Adam Belanoff,,"(6 episodes, 1993-1998)",,male,[]
1994,tt0094514,Murphy Brown,(1988–2018),"
Comedy            ",44,18,nm0233108,Gary Dontzig,,"(26 episodes, 1989-2018)","supervising producer / executive producer / producer / co-executive producer (25 episodes, 1989-2018)",male,[]
1994,tt0094514,Murphy Brown,(1988–2018),"
Comedy            ",44,18,nm0016539,Lisa Albert,,"(1 episode, 1994)",,female,[]
1994,tt0094514,Murphy Brown,(1988–2018),"
Comedy            ",44,18,nm0723664,John Rich,"(1 episode, 1994)",,,male,[]
1994,tt0094514,Murphy Brown,(1988–2018),"
Comedy            ",44,18,nm0796182,Korby Siamis,,"(16 episodes, 1988-1994)","consulting producer / supervising producer / executive producer (182 episodes, 1988-1998)",unknown,[]
1994,tt0094514,Murphy Brown,(1988–2018),"
Comedy            ",44,18,nm0123192,Diane Burroughs,,"(1 episode, 1994)",,female,[]
1994,tt0094514,Murphy Brown,(1988–2018),"
Comedy            ",44,18,nm0374694,Eileen Heisler,,"(8 episodes, 1993-1995)","producer / co-producer (71 episodes, 1989-1995)",female,[]
1994,tt0094514,Murphy Brown,(1988–2018),"
Comedy            ",44,18,nm0103928,Rob Bragin,,"(15 episodes, 1993-1997)","executive producer / producer (50 episodes, 1994-1997)",male,[]
1994,tt0094514,Murphy Brown,(1988–2018),"
Comedy            ",44,18,nm0691114,Elaine Pope,,"(2 episodes, 1994-1995)","co-executive producer (17 episodes, 1994-1995)",female,[]
1994,tt0094514,Murphy Brown,(1988–2018),"
Comedy            ",44,18,nm0795669,Joel Shukovsky,,,"executive producer / consulting executive producer (25 episodes, 1988-2018)",male,[]
1994,tt0094514,Murphy Brown,(1988–2018),"
Comedy            ",44,18,nm0420269,Bob Jeffords,,,"producer (77 episodes, 1993-1998)",male,[]
1994,tt0094514,Murphy Brown,(1988–2018),"
Comedy            ",44,18,nm0830593,Todd Stites,,,"associate producer (94 episodes, 1994-1998)",male,[]
1994,tt0094514,Murphy Brown,(1988–2018),"
Comedy            ",44,18,nm0348427,Norm Gunzenhauser,,"(17 episodes, 1989-2018)","co-executive producer / producer (46 episodes, 1989-2018)",unknown,[]
1994,tt0094514,Murphy Brown,(1988–2018),"
Comedy            ",44,18,nm0655128,Frank Pace,,,"producer (10 episodes, 1988-2018)",male,[]
1994,tt0094514,Murphy Brown,(1988–2018),"
Comedy            ",44,18,nm0224590,Bill Diamond,,"(16 episodes, 1993-1997)","executive producer / co-executive producer / supervising producer (48 episodes, 1994-1997)",male,[]
1994,tt0094514,Murphy Brown,(1988–2018),"
Comedy            ",44,18,nm0676295,Steven Peterman,,"(26 episodes, 1989-2018)","supervising producer / executive producer / co-executive producer / producer (25 episodes, 1989-2018)",male,[]
1995,tt0094514,Murphy Brown,(1988–2018),"
Comedy            ",44,18,nm0807920,Deborah Smith,,,"supervising producer / co-producer / producer (93 episodes, 1988-1998)",female,[]
1995,tt0094514,Murphy Brown,(1988–2018),"
Comedy            ",44,18,nm0941041,Russ Woody,,"(10 episodes, 1988-2018)",,male,[]
1995,tt0094514,Murphy Brown,(1988–2018),"
Comedy            ",44,18,nm0000298,Candice Bergen,,,"co-executive producer / executive producer (63 episodes, 1995-2018)",female,['Outstanding Lead Actress in a Comedy Series 1995']
1995,tt0094514,Murphy Brown,(1988–2018),"
Comedy            ",44,18,nm0827985,Joshua Sternin,,"(10 episodes, 1995-1997)",,male,[]
1995,tt0094514,Murphy Brown,(1988–2018),"
Comedy            ",44,18,nm0781576,Tom Seeley,,"(16 episodes, 1989-2018)","co-executive producer / producer / co-producer (49 episodes, 1989-2018)",male,[]
1995,tt0094514,Murphy Brown,(1988–2018),"
Comedy            ",44,18,nm0094288,Peter Bonerz,"(93 episodes, 1991-1998)",,,male,[]
1995,tt0094514,Murphy Brown,(1988–2018),"
Comedy            ",44,18,nm0101337,John Bowman,,"(2 episodes, 1994-1995)","executive producer (88 episodes, 1994-1998)",male,[]
1995,tt0094514,Murphy Brown,(1988–2018),"
Comedy            ",44,18,nm0755293,David Sacks,,"(2 episodes, 1995-1996)","co-executive producer (9 episodes, 1995-1996)",male,[]
1995,tt0094514,Murphy Brown,(1988–2018),"
Comedy            ",44,18,nm0375140,DeAnn Heline,,"(8 episodes, 1993-1995)","producer / co-producer (72 episodes, 1989-1995)",unknown,[]
1995,tt0094514,Murphy Brown,(1988–2018),"
Comedy            ",44,18,nm0893262,J.R. Ventimilia,,"(10 episodes, 1995-1997)",,unknown,[]
1995,tt0094514,Murphy Brown,(1988–2018),"
Comedy            ",44,18,nm0056181,Bill Barol,,"(1 episode, 1995)",,male,[]
1995,tt0094514,Murphy Brown,(1988–2018),"
Comedy            ",44,18,nm0706347,Alan Rafkin,"(11 episodes, 1994-1995)",,,male,[]
1995,tt0094514,Murphy Brown,(1988–2018),"
Comedy            ",44,18,nm0005344,Joe Regalbuto,"(21 episodes, 1993-2018)",,,male,[]
1995,tt0094514,Murphy Brown,(1988–2018),"
Comedy            ",44,18,nm0257606,Diane English,,"(creator) (260 episodes, 1988-2018)","executive producer (26 episodes, 1988-2018)",female,[]
1995,tt0094514,Murphy Brown,(1988–2018),"
Comedy            ",44,18,nm0194380,Greg Czech,,"(2 episodes, 1995)","senior producer (2 episodes, 1995)",male,[]
1995,tt0094514,Murphy Brown,(1988–2018),"
Comedy            ",44,18,nm0205216,Ned E. Davis,"(1 episode, 1995)",,"producer / co-producer (62 episodes, 1992-1997)",male,[]
1995,tt0094514,Murphy Brown,(1988–2018),"
Comedy            ",44,18,nm0759167,Michael Saltzman,,"(13 episodes, 1993-1996)","supervising producer / co-executive producer / executive producer / producer (82 episodes, 1993-1996)",male,[]
1995,tt0094514,Murphy Brown,(1988–2018),"
Comedy            ",44,18,nm0658479,Tom Palmer,,"(18 episodes, 1990-2018)","consulting producer / co-supervising producer / co-executive producer (37 episodes, 1990-2018)",male,[]
1995,tt0094514,Murphy Brown,(1988–2018),"
Comedy            ",44,18,nm0446060,Barnet Kellman,"(77 episodes, 1988-2018)",,,unknown,[]
1995,tt0094514,Murphy Brown,(1988–2018),"
Comedy            ",44,18,nm0616797,Marsha Myers,,"(2 episodes, 1995-1996)",,female,[]
1995,tt0094514,Murphy Brown,(1988–2018),"
Comedy            ",44,18,nm0943832,Douglas Wyman,,"(1 episode, 1995)","consulting producer (6 episodes, 1995-1996)",male,[]
1995,tt0094514,Murphy Brown,(1988–2018),"
Comedy            ",44,18,nm0004277,Adam Belanoff,,"(6 episodes, 1993-1998)","co-producer (8 episodes, 1995)",male,[]
1995,tt0094514,Murphy Brown,(1988–2018),"
Comedy            ",44,18,nm0233108,Gary Dontzig,,"(26 episodes, 1989-2018)","supervising producer / executive producer / producer / co-executive producer (25 episodes, 1989-2018)",male,[]
1995,tt0094514,Murphy Brown,(1988–2018),"
Comedy            ",44,18,nm0659986,Bill Paolantonio,,"(2 episodes, 1995)","supervising producer (2 episodes, 1995)",male,[]
1995,tt0094514,Murphy Brown,(1988–2018),"
Comedy            ",44,18,nm0774967,Eric Schotz,"(2 episodes, 1995)","(2 episodes, 1995)","executive producer (2 episodes, 1995)",male,[]
1995,tt0094514,Murphy Brown,(1988–2018),"
Comedy            ",44,18,nm0796182,Korby Siamis,,,"consulting producer / supervising producer / executive producer (182 episodes, 1988-1998)",unknown,[]
1995,tt0094514,Murphy Brown,(1988–2018),"
Comedy            ",44,18,nm0374694,Eileen Heisler,,"(8 episodes, 1993-1995)","producer / co-producer (71 episodes, 1989-1995)",female,[]
1995,tt0094514,Murphy Brown,(1988–2018),"
Comedy            ",44,18,nm0103928,Rob Bragin,,"(15 episodes, 1993-1997)","executive producer / producer (50 episodes, 1994-1997)",male,[]
1995,tt0094514,Murphy Brown,(1988–2018),"
Comedy            ",44,18,nm0691114,Elaine Pope,,"(2 episodes, 1994-1995)","co-executive producer (17 episodes, 1994-1995)",female,[]
1995,tt0094514,Murphy Brown,(1988–2018),"
Comedy            ",44,18,nm0121402,Alana Sanko,,"(2 episodes, 1995-1996)",,female,[]
1995,tt0094514,Murphy Brown,(1988–2018),"
Comedy            ",44,18,nm0795669,Joel Shukovsky,,,"executive producer / consulting executive producer (25 episodes, 1988-2018)",male,[]
1995,tt0094514,Murphy Brown,(1988–2018),"
Comedy            ",44,18,nm0420269,Bob Jeffords,,,"producer (77 episodes, 1993-1998)",male,[]
1995,tt0094514,Murphy Brown,(1988–2018),"
Comedy            ",44,18,nm0830593,Todd Stites,,,"associate producer (94 episodes, 1994-1998)",male,[]
1995,tt0094514,Murphy Brown,(1988–2018),"
Comedy            ",44,18,nm0348427,Norm Gunzenhauser,,"(17 episodes, 1989-2018)","co-executive producer / producer (46 episodes, 1989-2018)",unknown,[]
1995,tt0094514,Murphy Brown,(1988–2018),"
Comedy            ",44,18,nm0655128,Frank Pace,,,"producer (10 episodes, 1988-2018)",male,[]
1995,tt0094514,Murphy Brown,(1988–2018),"
Comedy            ",44,18,nm0224590,Bill Diamond,,"(16 episodes, 1993-1997)","executive producer / co-executive producer / supervising producer (48 episodes, 1994-1997)",male,[]
1995,tt0094514,Murphy Brown,(1988–2018),"
Comedy            ",44,18,nm0676295,Steven Peterman,,"(26 episodes, 1989-2018)","supervising producer / executive producer / co-executive producer / producer (25 episodes, 1989-2018)",male,[]
1996,tt0094514,Murphy Brown,(1988–2018),"
Comedy            ",44,18,nm0807920,Deborah Smith,,,"supervising producer / co-producer / producer (93 episodes, 1988-1998)",female,[]
1996,tt0094514,Murphy Brown,(1988–2018),"
Comedy            ",44,18,nm0941041,Russ Woody,,"(10 episodes, 1988-2018)",,male,[]
1996,tt0094514,Murphy Brown,(1988–2018),"
Comedy            ",44,18,nm0000298,Candice Bergen,,,"co-executive producer / executive producer (63 episodes, 1995-2018)",female,[]
1996,tt0094514,Murphy Brown,(1988–2018),"
Comedy            ",44,18,nm0827985,Joshua Sternin,,"(10 episodes, 1995-1997)","co-producer / producer (23 episodes, 1996-1997)",male,[]
1996,tt0094514,Murphy Brown,(1988–2018),"
Comedy            ",44,18,nm0781576,Tom Seeley,,"(16 episodes, 1989-2018)","co-executive producer / producer / co-producer (49 episodes, 1989-2018)",male,[]
1996,tt0094514,Murphy Brown,(1988–2018),"
Comedy            ",44,18,nm0094288,Peter Bonerz,"(93 episodes, 1991-1998)",,,male,[]
1996,tt0094514,Murphy Brown,(1988–2018),"
Comedy            ",44,18,nm0475265,Bill Kunstler,,"(3 episodes, 1996-1997)",,male,[]
1996,tt0094514,Murphy Brown,(1988–2018),"
Comedy            ",44,18,nm0101337,John Bowman,,,"executive producer (88 episodes, 1994-1998)",male,[]
1996,tt0094514,Murphy Brown,(1988–2018),"
Comedy            ",44,18,nm0755293,David Sacks,,"(2 episodes, 1995-1996)","co-executive producer (9 episodes, 1995-1996)",male,[]
1996,tt0094514,Murphy Brown,(1988–2018),"
Comedy            ",44,18,nm0893262,J.R. Ventimilia,,"(10 episodes, 1995-1997)","co-producer / producer (23 episodes, 1996-1997)",unknown,[]
1996,tt0094514,Murphy Brown,(1988–2018),"
Comedy            ",44,18,nm0005344,Joe Regalbuto,"(21 episodes, 1993-2018)",,,male,[]
1996,tt0094514,Murphy Brown,(1988–2018),"
Comedy            ",44,18,nm1044461,Daphne Pollon,,"(5 episodes, 1996-1998)","supervising producer (20 episodes, 1996-1997)",female,[]
1996,tt0094514,Murphy Brown,(1988–2018),"
Comedy            ",44,18,nm0257606,Diane English,,"(creator) (260 episodes, 1988-2018)","executive producer (26 episodes, 1988-2018)",female,[]
1996,tt0094514,Murphy Brown,(1988–2018),"
Comedy            ",44,18,nm0205216,Ned E. Davis,,,"producer / co-producer (62 episodes, 1992-1997)",male,[]
1996,tt0094514,Murphy Brown,(1988–2018),"
Comedy            ",44,18,nm0759167,Michael Saltzman,,"(13 episodes, 1993-1996)","supervising producer / co-executive producer / executive producer / producer (82 episodes, 1993-1996)",male,[]
1996,tt0094514,Murphy Brown,(1988–2018),"
Comedy            ",44,18,nm0658479,Tom Palmer,,"(18 episodes, 1990-2018)","consulting producer / co-supervising producer / co-executive producer (37 episodes, 1990-2018)",male,[]
1996,tt0094514,Murphy Brown,(1988–2018),"
Comedy            ",44,18,nm0446060,Barnet Kellman,"(77 episodes, 1988-2018)",,,unknown,[]
1996,tt0094514,Murphy Brown,(1988–2018),"
Comedy            ",44,18,nm0616797,Marsha Myers,,"(2 episodes, 1995-1996)",,female,[]
1996,tt0094514,Murphy Brown,(1988–2018),"
Comedy            ",44,18,nm0943832,Douglas Wyman,,,"consulting producer (6 episodes, 1995-1996)",male,[]
1996,tt0094514,Murphy Brown,(1988–2018),"
Comedy            ",44,18,nm0004277,Adam Belanoff,,"(6 episodes, 1993-1998)",,male,[]
1996,tt0094514,Murphy Brown,(1988–2018),"
Comedy            ",44,18,nm0233108,Gary Dontzig,,"(26 episodes, 1989-2018)","supervising producer / executive producer / producer / co-executive producer (25 episodes, 1989-2018)",male,[]
1996,tt0094514,Murphy Brown,(1988–2018),"
Comedy            ",44,18,nm0988466,Sarah Dunn,,"(2 episodes, 1996)",,female,[]
1996,tt0094514,Murphy Brown,(1988–2018),"
Comedy            ",44,18,nm0796182,Korby Siamis,,,"consulting producer / supervising producer / executive producer (182 episodes, 1988-1998)",unknown,[]
1996,tt0094514,Murphy Brown,(1988–2018),"
Comedy            ",44,18,nm0828276,Bob Stevens,,"(2 episodes, 1996-1997)","consulting producer / assistant producer (18 episodes, 1996-1997)",male,[]
1996,tt0094514,Murphy Brown,(1988–2018),"
Comedy            ",44,18,nm1167789,Adolphus Spriggs,,"(1 episode, 1996)",,male,[]
1996,tt0094514,Murphy Brown,(1988–2018),"
Comedy            ",44,18,nm0103928,Rob Bragin,,"(15 episodes, 1993-1997)","executive producer / producer (50 episodes, 1994-1997)",male,[]
1996,tt0094514,Murphy Brown,(1988–2018),"
Comedy            ",44,18,nm0121402,Alana Sanko,,"(2 episodes, 1995-1996)",,female,[]
1996,tt0094514,Murphy Brown,(1988–2018),"
Comedy            ",44,18,nm0795669,Joel Shukovsky,,,"executive producer / consulting executive producer (25 episodes, 1988-2018)",male,[]
1996,tt0094514,Murphy Brown,(1988–2018),"
Comedy            ",44,18,nm0420269,Bob Jeffords,,,"producer (77 episodes, 1993-1998)",male,[]
1996,tt0094514,Murphy Brown,(1988–2018),"
Comedy            ",44,18,nm0830593,Todd Stites,,,"associate producer (94 episodes, 1994-1998)",male,[]
1996,tt0094514,Murphy Brown,(1988–2018),"
Comedy            ",44,18,nm0348427,Norm Gunzenhauser,,"(17 episodes, 1989-2018)","co-executive producer / producer (46 episodes, 1989-2018)",unknown,[]
1996,tt0094514,Murphy Brown,(1988–2018),"
Comedy            ",44,18,nm1167463,Kirk Savell,,"(1 episode, 1996)",,male,[]
1996,tt0094514,Murphy Brown,(1988–2018),"
Comedy            ",44,18,nm0655128,Frank Pace,,,"producer (10 episodes, 1988-2018)",male,[]
1996,tt0094514,Murphy Brown,(1988–2018),"
Comedy            ",44,18,nm0224590,Bill Diamond,,"(16 episodes, 1993-1997)","executive producer / co-executive producer / supervising producer (48 episodes, 1994-1997)",male,[]
1996,tt0094514,Murphy Brown,(1988–2018),"
Comedy            ",44,18,nm0676295,Steven Peterman,,"(26 episodes, 1989-2018)","supervising producer / executive producer / co-executive producer / producer (25 episodes, 1989-2018)",male,[]
1997,tt0094514,Murphy Brown,(1988–2018),"
Comedy            ",44,18,nm0958449,Steve Zuckerman,"(11 episodes, 1997-1998)",,,male,[]
1997,tt0094514,Murphy Brown,(1988–2018),"
Comedy            ",44,18,nm0807920,Deborah Smith,,,"supervising producer / co-producer / producer (93 episodes, 1988-1998)",female,[]
1997,tt0094514,Murphy Brown,(1988–2018),"
Comedy            ",44,18,nm0941041,Russ Woody,,"(10 episodes, 1988-2018)",,male,[]
1997,tt0094514,Murphy Brown,(1988–2018),"
Comedy            ",44,18,nm1162926,Joshua Krawitz,,"(1 episode, 1997)",,male,[]
1997,tt0094514,Murphy Brown,(1988–2018),"
Comedy            ",44,18,nm0000298,Candice Bergen,,,"co-executive producer / executive producer (63 episodes, 1995-2018)",female,[]
1997,tt0094514,Murphy Brown,(1988–2018),"
Comedy            ",44,18,nm0827985,Joshua Sternin,,"(10 episodes, 1995-1997)","co-producer / producer (23 episodes, 1996-1997)",male,[]
1997,tt0094514,Murphy Brown,(1988–2018),"
Comedy            ",44,18,nm0781576,Tom Seeley,,"(16 episodes, 1989-2018)","co-executive producer / producer / co-producer (49 episodes, 1989-2018)",male,[]
1997,tt0094514,Murphy Brown,(1988–2018),"
Comedy            ",44,18,nm1010396,Hayes Jackson,,"(2 episodes, 1997-1998)",,unknown,[]
1997,tt0094514,Murphy Brown,(1988–2018),"
Comedy            ",44,18,nm0094288,Peter Bonerz,"(93 episodes, 1991-1998)",,,male,[]
1997,tt0094514,Murphy Brown,(1988–2018),"
Comedy            ",44,18,nm0475265,Bill Kunstler,,"(3 episodes, 1996-1997)",,male,[]
1997,tt0094514,Murphy Brown,(1988–2018),"
Comedy            ",44,18,nm0101337,John Bowman,,,"executive producer (88 episodes, 1994-1998)",male,[]
1997,tt0094514,Murphy Brown,(1988–2018),"
Comedy            ",44,18,nm0893262,J.R. Ventimilia,,"(10 episodes, 1995-1997)","co-producer / producer (23 episodes, 1996-1997)",unknown,[]
1997,tt0094514,Murphy Brown,(1988–2018),"
Comedy            ",44,18,nm0545641,Jhoni Marchinko,,"(4 episodes, 1997-1998)","co-producer (20 episodes, 1997-1998)",unknown,[]
1997,tt0094514,Murphy Brown,(1988–2018),"
Comedy            ",44,18,nm0005344,Joe Regalbuto,"(21 episodes, 1993-2018)",,,male,[]
1997,tt0094514,Murphy Brown,(1988–2018),"
Comedy            ",44,18,nm0386488,Janis Hirsch,,"(4 episodes, 1997-1998)","co-executive producer (20 episodes, 1997-1998)",female,[]
1997,tt0094514,Murphy Brown,(1988–2018),"
Comedy            ",44,18,nm1044461,Daphne Pollon,,"(5 episodes, 1996-1998)","supervising producer (20 episodes, 1996-1997)",female,[]
1997,tt0094514,Murphy Brown,(1988–2018),"
Comedy            ",44,18,nm0257606,Diane English,,"(creator) (260 episodes, 1988-2018)","executive producer (26 episodes, 1988-2018)",female,[]
1997,tt0094514,Murphy Brown,(1988–2018),"
Comedy            ",44,18,nm0205216,Ned E. Davis,,,"producer / co-producer (62 episodes, 1992-1997)",male,[]
1997,tt0094514,Murphy Brown,(1988–2018),"
Comedy            ",44,18,nm0658479,Tom Palmer,,"(18 episodes, 1990-2018)","consulting producer / co-supervising producer / co-executive producer (37 episodes, 1990-2018)",male,[]
1997,tt0094514,Murphy Brown,(1988–2018),"
Comedy            ",44,18,nm1163211,Adam Balsam,,"(1 episode, 1997)",,male,[]
1997,tt0094514,Murphy Brown,(1988–2018),"
Comedy            ",44,18,nm0446060,Barnet Kellman,"(77 episodes, 1988-2018)",,,unknown,[]
1997,tt0094514,Murphy Brown,(1988–2018),"
Comedy            ",44,18,nm0004277,Adam Belanoff,,"(6 episodes, 1993-1998)",,male,[]
1997,tt0094514,Murphy Brown,(1988–2018),"
Comedy            ",44,18,nm0281069,Marc Flanagan,,"(4 episodes, 1997-2018)","executive producer / consulting producer (24 episodes, 1997-2018)",male,[]
1997,tt0094514,Murphy Brown,(1988–2018),"
Comedy            ",44,18,nm0233108,Gary Dontzig,,"(26 episodes, 1989-2018)","supervising producer / executive producer / producer / co-executive producer (25 episodes, 1989-2018)",male,[]
1997,tt0094514,Murphy Brown,(1988–2018),"
Comedy            ",44,18,nm0676277,Eric Peterkofsky,,"(21 episodes, 1997-1998)",,male,[]
1997,tt0094514,Murphy Brown,(1988–2018),"
Comedy            ",44,18,nm0796182,Korby Siamis,,,"consulting producer / supervising producer / executive producer (182 episodes, 1988-1998)",unknown,[]
1997,tt0094514,Murphy Brown,(1988–2018),"
Comedy            ",44,18,nm0156291,Mike Chessler,,"(1 episode, 1997)",,male,[]
1997,tt0094514,Murphy Brown,(1988–2018),"
Comedy            ",44,18,nm0828276,Bob Stevens,,"(2 episodes, 1996-1997)","consulting producer / assistant producer (18 episodes, 1996-1997)",male,[]
1997,tt0094514,Murphy Brown,(1988–2018),"
Comedy            ",44,18,nm0016403,Chris Alberghini,,"(1 episode, 1997)",,mostly_male,[]
1997,tt0094514,Murphy Brown,(1988–2018),"
Comedy            ",44,18,nm0103928,Rob Bragin,,"(15 episodes, 1993-1997)","executive producer / producer (50 episodes, 1994-1997)",male,[]
1997,tt0094514,Murphy Brown,(1988–2018),"
Comedy            ",44,18,nm0795669,Joel Shukovsky,,,"executive producer / consulting executive producer (25 episodes, 1988-2018)",male,[]
1997,tt0094514,Murphy Brown,(1988–2018),"
Comedy            ",44,18,nm0420269,Bob Jeffords,,,"producer (77 episodes, 1993-1998)",male,[]
1997,tt0094514,Murphy Brown,(1988–2018),"
Comedy            ",44,18,nm0830593,Todd Stites,,,"associate producer (94 episodes, 1994-1998)",male,[]
1997,tt0094514,Murphy Brown,(1988–2018),"
Comedy            ",44,18,nm0348427,Norm Gunzenhauser,,"(17 episodes, 1989-2018)","co-executive producer / producer (46 episodes, 1989-2018)",unknown,[]
1997,tt0094514,Murphy Brown,(1988–2018),"
Comedy            ",44,18,nm0655128,Frank Pace,,,"producer (10 episodes, 1988-2018)",male,[]
1997,tt0094514,Murphy Brown,(1988–2018),"
Comedy            ",44,18,nm0557656,Bill Masters,,"(3 episodes, 1997-1998)","supervising producer (20 episodes, 1997-1998)",male,[]
1997,tt0094514,Murphy Brown,(1988–2018),"
Comedy            ",44,18,nm0268763,Ron Fassler,,"(1 episode, 1997)",,male,[]
1997,tt0094514,Murphy Brown,(1988–2018),"
Comedy            ",44,18,nm0224590,Bill Diamond,,"(16 episodes, 1993-1997)","executive producer / co-executive producer / supervising producer (48 episodes, 1994-1997)",male,[]
1997,tt0094514,Murphy Brown,(1988–2018),"
Comedy            ",44,18,nm0676295,Steven Peterman,,"(26 episodes, 1989-2018)","supervising producer / executive producer / co-executive producer / producer (25 episodes, 1989-2018)",male,[]
1998,tt0094514,Murphy Brown,(1988–2018),"
Comedy            ",44,18,nm0958449,Steve Zuckerman,"(11 episodes, 1997-1998)",,,male,[]
1998,tt0094514,Murphy Brown,(1988–2018),"
Comedy            ",44,18,nm0807920,Deborah Smith,,,"supervising producer / co-producer / producer (93 episodes, 1988-1998)",female,[]
1998,tt0094514,Murphy Brown,(1988–2018),"
Comedy            ",44,18,nm0588897,Marilyn Suzanne Miller,,"(1 episode, 1998)",,female,[]
1998,tt0094514,Murphy Brown,(1988–2018),"
Comedy            ",44,18,nm0941041,Russ Woody,,"(10 episodes, 1988-2018)",,male,[]
1998,tt0094514,Murphy Brown,(1988–2018),"
Comedy            ",44,18,nm0000298,Candice Bergen,,,"co-executive producer / executive producer (63 episodes, 1995-2018)",female,[]
1998,tt0094514,Murphy Brown,(1988–2018),"
Comedy            ",44,18,nm0781576,Tom Seeley,,"(16 episodes, 1989-2018)","co-executive producer / producer / co-producer (49 episodes, 1989-2018)",male,[]
1998,tt0094514,Murphy Brown,(1988–2018),"
Comedy            ",44,18,nm1010396,Hayes Jackson,,"(2 episodes, 1997-1998)",,unknown,[]
1998,tt0094514,Murphy Brown,(1988–2018),"
Comedy            ",44,18,nm0094288,Peter Bonerz,"(93 episodes, 1991-1998)",,,male,[]
1998,tt0094514,Murphy Brown,(1988–2018),"
Comedy            ",44,18,nm0101337,John Bowman,,,"executive producer (88 episodes, 1994-1998)",male,[]
1998,tt0094514,Murphy Brown,(1988–2018),"
Comedy            ",44,18,nm0545641,Jhoni Marchinko,,"(4 episodes, 1997-1998)","co-producer (20 episodes, 1997-1998)",unknown,[]
1998,tt0094514,Murphy Brown,(1988–2018),"
Comedy            ",44,18,nm0005344,Joe Regalbuto,"(21 episodes, 1993-2018)",,,male,[]
1998,tt0094514,Murphy Brown,(1988–2018),"
Comedy            ",44,18,nm0386488,Janis Hirsch,,"(4 episodes, 1997-1998)","co-executive producer (20 episodes, 1997-1998)",female,[]
1998,tt0094514,Murphy Brown,(1988–2018),"
Comedy            ",44,18,nm1044461,Daphne Pollon,,"(5 episodes, 1996-1998)",,female,[]
1998,tt0094514,Murphy Brown,(1988–2018),"
Comedy            ",44,18,nm0257606,Diane English,,"(creator) (260 episodes, 1988-2018)","executive producer (26 episodes, 1988-2018)",female,[]
1998,tt0094514,Murphy Brown,(1988–2018),"
Comedy            ",44,18,nm0658479,Tom Palmer,,"(18 episodes, 1990-2018)","consulting producer / co-supervising producer / co-executive producer (37 episodes, 1990-2018)",male,[]
1998,tt0094514,Murphy Brown,(1988–2018),"
Comedy            ",44,18,nm0446060,Barnet Kellman,"(77 episodes, 1988-2018)",,,unknown,[]
1998,tt0094514,Murphy Brown,(1988–2018),"
Comedy            ",44,18,nm0004277,Adam Belanoff,,"(6 episodes, 1993-1998)",,male,[]
1998,tt0094514,Murphy Brown,(1988–2018),"
Comedy            ",44,18,nm0281069,Marc Flanagan,,"(4 episodes, 1997-2018)","executive producer / consulting producer (24 episodes, 1997-2018)",male,[]
1998,tt0094514,Murphy Brown,(1988–2018),"
Comedy            ",44,18,nm0233108,Gary Dontzig,,"(26 episodes, 1989-2018)","supervising producer / executive producer / producer / co-executive producer (25 episodes, 1989-2018)",male,[]
1998,tt0094514,Murphy Brown,(1988–2018),"
Comedy            ",44,18,nm0676277,Eric Peterkofsky,,"(21 episodes, 1997-1998)",,male,[]
1998,tt0094514,Murphy Brown,(1988–2018),"
Comedy            ",44,18,nm0796182,Korby Siamis,,,"consulting producer / supervising producer / executive producer (182 episodes, 1988-1998)",unknown,[]
1998,tt0094514,Murphy Brown,(1988–2018),"
Comedy            ",44,18,nm0795669,Joel Shukovsky,,,"executive producer / consulting executive producer (25 episodes, 1988-2018)",male,[]
1998,tt0094514,Murphy Brown,(1988–2018),"
Comedy            ",44,18,nm0420269,Bob Jeffords,,,"producer (77 episodes, 1993-1998)",male,[]
1998,tt0094514,Murphy Brown,(1988–2018),"
Comedy            ",44,18,nm0830593,Todd Stites,,,"associate producer (94 episodes, 1994-1998)",male,[]
1998,tt0094514,Murphy Brown,(1988–2018),"
Comedy            ",44,18,nm0348427,Norm Gunzenhauser,,"(17 episodes, 1989-2018)","co-executive producer / producer (46 episodes, 1989-2018)",unknown,[]
1998,tt0094514,Murphy Brown,(1988–2018),"
Comedy            ",44,18,nm0655128,Frank Pace,,,"producer (10 episodes, 1988-2018)",male,[]
1998,tt0094514,Murphy Brown,(1988–2018),"
Comedy            ",44,18,nm0557656,Bill Masters,,"(3 episodes, 1997-1998)","supervising producer (20 episodes, 1997-1998)",male,[]
1998,tt0094514,Murphy Brown,(1988–2018),"
Comedy            ",44,18,nm0676295,Steven Peterman,,"(26 episodes, 1989-2018)","supervising producer / executive producer / co-executive producer / producer (25 episodes, 1989-2018)",male,[]
1999,tt0094514,Murphy Brown,(1988–2018),"
Comedy            ",44,18,nm0941041,Russ Woody,,"(10 episodes, 1988-2018)",,male,[]
1999,tt0094514,Murphy Brown,(1988–2018),"
Comedy            ",44,18,nm0000298,Candice Bergen,,,"co-executive producer / executive producer (63 episodes, 1995-2018)",female,[]
1999,tt0094514,Murphy Brown,(1988–2018),"
Comedy            ",44,18,nm0781576,Tom Seeley,,"(16 episodes, 1989-2018)","co-executive producer / producer / co-producer (49 episodes, 1989-2018)",male,[]
1999,tt0094514,Murphy Brown,(1988–2018),"
Comedy            ",44,18,nm0005344,Joe Regalbuto,"(21 episodes, 1993-2018)",,,male,[]
1999,tt0094514,Murphy Brown,(1988–2018),"
Comedy            ",44,18,nm0257606,Diane English,,"(creator) (260 episodes, 1988-2018)","executive producer (26 episodes, 1988-2018)",female,[]
1999,tt0094514,Murphy Brown,(1988–2018),"
Comedy            ",44,18,nm0658479,Tom Palmer,,"(18 episodes, 1990-2018)","consulting producer / co-supervising producer / co-executive producer (37 episodes, 1990-2018)",male,[]
1999,tt0094514,Murphy Brown,(1988–2018),"
Comedy            ",44,18,nm0446060,Barnet Kellman,"(77 episodes, 1988-2018)",,,unknown,[]
1999,tt0094514,Murphy Brown,(1988–2018),"
Comedy            ",44,18,nm0281069,Marc Flanagan,,"(4 episodes, 1997-2018)","executive producer / consulting producer (24 episodes, 1997-2018)",male,[]
1999,tt0094514,Murphy Brown,(1988–2018),"
Comedy            ",44,18,nm0233108,Gary Dontzig,,"(26 episodes, 1989-2018)","supervising producer / executive producer / producer / co-executive producer (25 episodes, 1989-2018)",male,[]
1999,tt0094514,Murphy Brown,(1988–2018),"
Comedy            ",44,18,nm0795669,Joel Shukovsky,,,"executive producer / consulting executive producer (25 episodes, 1988-2018)",male,[]
1999,tt0094514,Murphy Brown,(1988–2018),"
Comedy            ",44,18,nm0348427,Norm Gunzenhauser,,"(17 episodes, 1989-2018)","co-executive producer / producer (46 episodes, 1989-2018)",unknown,[]
1999,tt0094514,Murphy Brown,(1988–2018),"
Comedy            ",44,18,nm0655128,Frank Pace,,,"producer (10 episodes, 1988-2018)",male,[]
1999,tt0094514,Murphy Brown,(1988–2018),"
Comedy            ",44,18,nm0676295,Steven Peterman,,"(26 episodes, 1989-2018)","supervising producer / executive producer / co-executive producer / producer (25 episodes, 1989-2018)",male,[]
2000,tt0094514,Murphy Brown,(1988–2018),"
Comedy            ",44,18,nm0941041,Russ Woody,,"(10 episodes, 1988-2018)",,male,[]
2000,tt0094514,Murphy Brown,(1988–2018),"
Comedy            ",44,18,nm0000298,Candice Bergen,,,"co-executive producer / executive producer (63 episodes, 1995-2018)",female,[]
2000,tt0094514,Murphy Brown,(1988–2018),"
Comedy            ",44,18,nm0781576,Tom Seeley,,"(16 episodes, 1989-2018)","co-executive producer / producer / co-producer (49 episodes, 1989-2018)",male,[]
2000,tt0094514,Murphy Brown,(1988–2018),"
Comedy            ",44,18,nm0005344,Joe Regalbuto,"(21 episodes, 1993-2018)",,,male,[]
2000,tt0094514,Murphy Brown,(1988–2018),"
Comedy            ",44,18,nm0257606,Diane English,,"(creator) (260 episodes, 1988-2018)","executive producer (26 episodes, 1988-2018)",female,[]
2000,tt0094514,Murphy Brown,(1988–2018),"
Comedy            ",44,18,nm0658479,Tom Palmer,,"(18 episodes, 1990-2018)","consulting producer / co-supervising producer / co-executive producer (37 episodes, 1990-2018)",male,[]
2000,tt0094514,Murphy Brown,(1988–2018),"
Comedy            ",44,18,nm0446060,Barnet Kellman,"(77 episodes, 1988-2018)",,,unknown,[]
2000,tt0094514,Murphy Brown,(1988–2018),"
Comedy            ",44,18,nm0281069,Marc Flanagan,,"(4 episodes, 1997-2018)","executive producer / consulting producer (24 episodes, 1997-2018)",male,[]
2000,tt0094514,Murphy Brown,(1988–2018),"
Comedy            ",44,18,nm0233108,Gary Dontzig,,"(26 episodes, 1989-2018)","supervising producer / executive producer / producer / co-executive producer (25 episodes, 1989-2018)",male,[]
2000,tt0094514,Murphy Brown,(1988–2018),"
Comedy            ",44,18,nm0795669,Joel Shukovsky,,,"executive producer / consulting executive producer (25 episodes, 1988-2018)",male,[]
2000,tt0094514,Murphy Brown,(1988–2018),"
Comedy            ",44,18,nm0348427,Norm Gunzenhauser,,"(17 episodes, 1989-2018)","co-executive producer / producer (46 episodes, 1989-2018)",unknown,[]
2000,tt0094514,Murphy Brown,(1988–2018),"
Comedy            ",44,18,nm0655128,Frank Pace,,,"producer (10 episodes, 1988-2018)",male,[]
2000,tt0094514,Murphy Brown,(1988–2018),"
Comedy            ",44,18,nm0676295,Steven Peterman,,"(26 episodes, 1989-2018)","supervising producer / executive producer / co-executive producer / producer (25 episodes, 1989-2018)",male,[]
2001,tt0094514,Murphy Brown,(1988–2018),"
Comedy            ",44,18,nm0941041,Russ Woody,,"(10 episodes, 1988-2018)",,male,[]
2001,tt0094514,Murphy Brown,(1988–2018),"
Comedy            ",44,18,nm0000298,Candice Bergen,,,"co-executive producer / executive producer (63 episodes, 1995-2018)",female,[]
2001,tt0094514,Murphy Brown,(1988–2018),"
Comedy            ",44,18,nm0781576,Tom Seeley,,"(16 episodes, 1989-2018)","co-executive producer / producer / co-producer (49 episodes, 1989-2018)",male,[]
2001,tt0094514,Murphy Brown,(1988–2018),"
Comedy            ",44,18,nm0005344,Joe Regalbuto,"(21 episodes, 1993-2018)",,,male,[]
2001,tt0094514,Murphy Brown,(1988–2018),"
Comedy            ",44,18,nm0257606,Diane English,,"(creator) (260 episodes, 1988-2018)","executive producer (26 episodes, 1988-2018)",female,[]
2001,tt0094514,Murphy Brown,(1988–2018),"
Comedy            ",44,18,nm0658479,Tom Palmer,,"(18 episodes, 1990-2018)","consulting producer / co-supervising producer / co-executive producer (37 episodes, 1990-2018)",male,[]
2001,tt0094514,Murphy Brown,(1988–2018),"
Comedy            ",44,18,nm0446060,Barnet Kellman,"(77 episodes, 1988-2018)",,,unknown,[]
2001,tt0094514,Murphy Brown,(1988–2018),"
Comedy            ",44,18,nm0281069,Marc Flanagan,,"(4 episodes, 1997-2018)","executive producer / consulting producer (24 episodes, 1997-2018)",male,[]
2001,tt0094514,Murphy Brown,(1988–2018),"
Comedy            ",44,18,nm0233108,Gary Dontzig,,"(26 episodes, 1989-2018)","supervising producer / executive producer / producer / co-executive producer (25 episodes, 1989-2018)",male,[]
2001,tt0094514,Murphy Brown,(1988–2018),"
Comedy            ",44,18,nm0795669,Joel Shukovsky,,,"executive producer / consulting executive producer (25 episodes, 1988-2018)",male,[]
2001,tt0094514,Murphy Brown,(1988–2018),"
Comedy            ",44,18,nm0348427,Norm Gunzenhauser,,"(17 episodes, 1989-2018)","co-executive producer / producer (46 episodes, 1989-2018)",unknown,[]
2001,tt0094514,Murphy Brown,(1988–2018),"
Comedy            ",44,18,nm0655128,Frank Pace,,,"producer (10 episodes, 1988-2018)",male,[]
2001,tt0094514,Murphy Brown,(1988–2018),"
Comedy            ",44,18,nm0676295,Steven Peterman,,"(26 episodes, 1989-2018)","supervising producer / executive producer / co-executive producer / producer (25 episodes, 1989-2018)",male,[]
2002,tt0094514,Murphy Brown,(1988–2018),"
Comedy            ",44,18,nm0941041,Russ Woody,,"(10 episodes, 1988-2018)",,male,[]
2002,tt0094514,Murphy Brown,(1988–2018),"
Comedy            ",44,18,nm0000298,Candice Bergen,,,"co-executive producer / executive producer (63 episodes, 1995-2018)",female,[]
2002,tt0094514,Murphy Brown,(1988–2018),"
Comedy            ",44,18,nm0781576,Tom Seeley,,"(16 episodes, 1989-2018)","co-executive producer / producer / co-producer (49 episodes, 1989-2018)",male,[]
2002,tt0094514,Murphy Brown,(1988–2018),"
Comedy            ",44,18,nm0005344,Joe Regalbuto,"(21 episodes, 1993-2018)",,,male,[]
2002,tt0094514,Murphy Brown,(1988–2018),"
Comedy            ",44,18,nm0257606,Diane English,,"(creator) (260 episodes, 1988-2018)","executive producer (26 episodes, 1988-2018)",female,[]
2002,tt0094514,Murphy Brown,(1988–2018),"
Comedy            ",44,18,nm0658479,Tom Palmer,,"(18 episodes, 1990-2018)","consulting producer / co-supervising producer / co-executive producer (37 episodes, 1990-2018)",male,[]
2002,tt0094514,Murphy Brown,(1988–2018),"
Comedy            ",44,18,nm0446060,Barnet Kellman,"(77 episodes, 1988-2018)",,,unknown,[]
2002,tt0094514,Murphy Brown,(1988–2018),"
Comedy            ",44,18,nm0281069,Marc Flanagan,,"(4 episodes, 1997-2018)","executive producer / consulting producer (24 episodes, 1997-2018)",male,[]
2002,tt0094514,Murphy Brown,(1988–2018),"
Comedy            ",44,18,nm0233108,Gary Dontzig,,"(26 episodes, 1989-2018)","supervising producer / executive producer / producer / co-executive producer (25 episodes, 1989-2018)",male,[]
2002,tt0094514,Murphy Brown,(1988–2018),"
Comedy            ",44,18,nm0795669,Joel Shukovsky,,,"executive producer / consulting executive producer (25 episodes, 1988-2018)",male,[]
2002,tt0094514,Murphy Brown,(1988–2018),"
Comedy            ",44,18,nm0348427,Norm Gunzenhauser,,"(17 episodes, 1989-2018)","co-executive producer / producer (46 episodes, 1989-2018)",unknown,[]
2002,tt0094514,Murphy Brown,(1988–2018),"
Comedy            ",44,18,nm0655128,Frank Pace,,,"producer (10 episodes, 1988-2018)",male,[]
2002,tt0094514,Murphy Brown,(1988–2018),"
Comedy            ",44,18,nm0676295,Steven Peterman,,"(26 episodes, 1989-2018)","supervising producer / executive producer / co-executive producer / producer (25 episodes, 1989-2018)",male,[]
2003,tt0094514,Murphy Brown,(1988–2018),"
Comedy            ",44,18,nm0941041,Russ Woody,,"(10 episodes, 1988-2018)",,male,[]
2003,tt0094514,Murphy Brown,(1988–2018),"
Comedy            ",44,18,nm0000298,Candice Bergen,,,"co-executive producer / executive producer (63 episodes, 1995-2018)",female,[]
2003,tt0094514,Murphy Brown,(1988–2018),"
Comedy            ",44,18,nm0781576,Tom Seeley,,"(16 episodes, 1989-2018)","co-executive producer / producer / co-producer (49 episodes, 1989-2018)",male,[]
2003,tt0094514,Murphy Brown,(1988–2018),"
Comedy            ",44,18,nm0005344,Joe Regalbuto,"(21 episodes, 1993-2018)",,,male,[]
2003,tt0094514,Murphy Brown,(1988–2018),"
Comedy            ",44,18,nm0257606,Diane English,,"(creator) (260 episodes, 1988-2018)","executive producer (26 episodes, 1988-2018)",female,[]
2003,tt0094514,Murphy Brown,(1988–2018),"
Comedy            ",44,18,nm0658479,Tom Palmer,,"(18 episodes, 1990-2018)","consulting producer / co-supervising producer / co-executive producer (37 episodes, 1990-2018)",male,[]
2003,tt0094514,Murphy Brown,(1988–2018),"
Comedy            ",44,18,nm0446060,Barnet Kellman,"(77 episodes, 1988-2018)",,,unknown,[]
2003,tt0094514,Murphy Brown,(1988–2018),"
Comedy            ",44,18,nm0281069,Marc Flanagan,,"(4 episodes, 1997-2018)","executive producer / consulting producer (24 episodes, 1997-2018)",male,[]
2003,tt0094514,Murphy Brown,(1988–2018),"
Comedy            ",44,18,nm0233108,Gary Dontzig,,"(26 episodes, 1989-2018)","supervising producer / executive producer / producer / co-executive producer (25 episodes, 1989-2018)",male,[]
2003,tt0094514,Murphy Brown,(1988–2018),"
Comedy            ",44,18,nm0795669,Joel Shukovsky,,,"executive producer / consulting executive producer (25 episodes, 1988-2018)",male,[]
2003,tt0094514,Murphy Brown,(1988–2018),"
Comedy            ",44,18,nm0348427,Norm Gunzenhauser,,"(17 episodes, 1989-2018)","co-executive producer / producer (46 episodes, 1989-2018)",unknown,[]
2003,tt0094514,Murphy Brown,(1988–2018),"
Comedy            ",44,18,nm0655128,Frank Pace,,,"producer (10 episodes, 1988-2018)",male,[]
2003,tt0094514,Murphy Brown,(1988–2018),"
Comedy            ",44,18,nm0676295,Steven Peterman,,"(26 episodes, 1989-2018)","supervising producer / executive producer / co-executive producer / producer (25 episodes, 1989-2018)",male,[]
2004,tt0094514,Murphy Brown,(1988–2018),"
Comedy            ",44,18,nm0941041,Russ Woody,,"(10 episodes, 1988-2018)",,male,[]
2004,tt0094514,Murphy Brown,(1988–2018),"
Comedy            ",44,18,nm0000298,Candice Bergen,,,"co-executive producer / executive producer (63 episodes, 1995-2018)",female,[]
2004,tt0094514,Murphy Brown,(1988–2018),"
Comedy            ",44,18,nm0781576,Tom Seeley,,"(16 episodes, 1989-2018)","co-executive producer / producer / co-producer (49 episodes, 1989-2018)",male,[]
2004,tt0094514,Murphy Brown,(1988–2018),"
Comedy            ",44,18,nm0005344,Joe Regalbuto,"(21 episodes, 1993-2018)",,,male,[]
2004,tt0094514,Murphy Brown,(1988–2018),"
Comedy            ",44,18,nm0257606,Diane English,,"(creator) (260 episodes, 1988-2018)","executive producer (26 episodes, 1988-2018)",female,[]
2004,tt0094514,Murphy Brown,(1988–2018),"
Comedy            ",44,18,nm0658479,Tom Palmer,,"(18 episodes, 1990-2018)","consulting producer / co-supervising producer / co-executive producer (37 episodes, 1990-2018)",male,[]
2004,tt0094514,Murphy Brown,(1988–2018),"
Comedy            ",44,18,nm0446060,Barnet Kellman,"(77 episodes, 1988-2018)",,,unknown,[]
2004,tt0094514,Murphy Brown,(1988–2018),"
Comedy            ",44,18,nm0281069,Marc Flanagan,,"(4 episodes, 1997-2018)","executive producer / consulting producer (24 episodes, 1997-2018)",male,[]
2004,tt0094514,Murphy Brown,(1988–2018),"
Comedy            ",44,18,nm0233108,Gary Dontzig,,"(26 episodes, 1989-2018)","supervising producer / executive producer / producer / co-executive producer (25 episodes, 1989-2018)",male,[]
2004,tt0094514,Murphy Brown,(1988–2018),"
Comedy            ",44,18,nm0795669,Joel Shukovsky,,,"executive producer / consulting executive producer (25 episodes, 1988-2018)",male,[]
2004,tt0094514,Murphy Brown,(1988–2018),"
Comedy            ",44,18,nm0348427,Norm Gunzenhauser,,"(17 episodes, 1989-2018)","co-executive producer / producer (46 episodes, 1989-2018)",unknown,[]
2004,tt0094514,Murphy Brown,(1988–2018),"
Comedy            ",44,18,nm0655128,Frank Pace,,,"producer (10 episodes, 1988-2018)",male,[]
2004,tt0094514,Murphy Brown,(1988–2018),"
Comedy            ",44,18,nm0676295,Steven Peterman,,"(26 episodes, 1989-2018)","supervising producer / executive producer / co-executive producer / producer (25 episodes, 1989-2018)",male,[]
2005,tt0094514,Murphy Brown,(1988–2018),"
Comedy            ",44,18,nm0941041,Russ Woody,,"(10 episodes, 1988-2018)",,male,[]
2005,tt0094514,Murphy Brown,(1988–2018),"
Comedy            ",44,18,nm0000298,Candice Bergen,,,"co-executive producer / executive producer (63 episodes, 1995-2018)",female,[]
2005,tt0094514,Murphy Brown,(1988–2018),"
Comedy            ",44,18,nm0781576,Tom Seeley,,"(16 episodes, 1989-2018)","co-executive producer / producer / co-producer (49 episodes, 1989-2018)",male,[]
2005,tt0094514,Murphy Brown,(1988–2018),"
Comedy            ",44,18,nm0005344,Joe Regalbuto,"(21 episodes, 1993-2018)",,,male,[]
2005,tt0094514,Murphy Brown,(1988–2018),"
Comedy            ",44,18,nm0257606,Diane English,,"(creator) (260 episodes, 1988-2018)","executive producer (26 episodes, 1988-2018)",female,[]
2005,tt0094514,Murphy Brown,(1988–2018),"
Comedy            ",44,18,nm0658479,Tom Palmer,,"(18 episodes, 1990-2018)","consulting producer / co-supervising producer / co-executive producer (37 episodes, 1990-2018)",male,[]
2005,tt0094514,Murphy Brown,(1988–2018),"
Comedy            ",44,18,nm0446060,Barnet Kellman,"(77 episodes, 1988-2018)",,,unknown,[]
2005,tt0094514,Murphy Brown,(1988–2018),"
Comedy            ",44,18,nm0281069,Marc Flanagan,,"(4 episodes, 1997-2018)","executive producer / consulting producer (24 episodes, 1997-2018)",male,[]
2005,tt0094514,Murphy Brown,(1988–2018),"
Comedy            ",44,18,nm0233108,Gary Dontzig,,"(26 episodes, 1989-2018)","supervising producer / executive producer / producer / co-executive producer (25 episodes, 1989-2018)",male,[]
2005,tt0094514,Murphy Brown,(1988–2018),"
Comedy            ",44,18,nm0795669,Joel Shukovsky,,,"executive producer / consulting executive producer (25 episodes, 1988-2018)",male,[]
2005,tt0094514,Murphy Brown,(1988–2018),"
Comedy            ",44,18,nm0348427,Norm Gunzenhauser,,"(17 episodes, 1989-2018)","co-executive producer / producer (46 episodes, 1989-2018)",unknown,[]
2005,tt0094514,Murphy Brown,(1988–2018),"
Comedy            ",44,18,nm0655128,Frank Pace,,,"producer (10 episodes, 1988-2018)",male,[]
2005,tt0094514,Murphy Brown,(1988–2018),"
Comedy            ",44,18,nm0676295,Steven Peterman,,"(26 episodes, 1989-2018)","supervising producer / executive producer / co-executive producer / producer (25 episodes, 1989-2018)",male,[]
2006,tt0094514,Murphy Brown,(1988–2018),"
Comedy            ",44,18,nm0941041,Russ Woody,,"(10 episodes, 1988-2018)",,male,[]
2006,tt0094514,Murphy Brown,(1988–2018),"
Comedy            ",44,18,nm0000298,Candice Bergen,,,"co-executive producer / executive producer (63 episodes, 1995-2018)",female,[]
2006,tt0094514,Murphy Brown,(1988–2018),"
Comedy            ",44,18,nm0781576,Tom Seeley,,"(16 episodes, 1989-2018)","co-executive producer / producer / co-producer (49 episodes, 1989-2018)",male,[]
2006,tt0094514,Murphy Brown,(1988–2018),"
Comedy            ",44,18,nm0005344,Joe Regalbuto,"(21 episodes, 1993-2018)",,,male,[]
2006,tt0094514,Murphy Brown,(1988–2018),"
Comedy            ",44,18,nm0257606,Diane English,,"(creator) (260 episodes, 1988-2018)","executive producer (26 episodes, 1988-2018)",female,[]
2006,tt0094514,Murphy Brown,(1988–2018),"
Comedy            ",44,18,nm0658479,Tom Palmer,,"(18 episodes, 1990-2018)","consulting producer / co-supervising producer / co-executive producer (37 episodes, 1990-2018)",male,[]
2006,tt0094514,Murphy Brown,(1988–2018),"
Comedy            ",44,18,nm0446060,Barnet Kellman,"(77 episodes, 1988-2018)",,,unknown,[]
2006,tt0094514,Murphy Brown,(1988–2018),"
Comedy            ",44,18,nm0281069,Marc Flanagan,,"(4 episodes, 1997-2018)","executive producer / consulting producer (24 episodes, 1997-2018)",male,[]
2006,tt0094514,Murphy Brown,(1988–2018),"
Comedy            ",44,18,nm0233108,Gary Dontzig,,"(26 episodes, 1989-2018)","supervising producer / executive producer / producer / co-executive producer (25 episodes, 1989-2018)",male,[]
2006,tt0094514,Murphy Brown,(1988–2018),"
Comedy            ",44,18,nm0795669,Joel Shukovsky,,,"executive producer / consulting executive producer (25 episodes, 1988-2018)",male,[]
2006,tt0094514,Murphy Brown,(1988–2018),"
Comedy            ",44,18,nm0348427,Norm Gunzenhauser,,"(17 episodes, 1989-2018)","co-executive producer / producer (46 episodes, 1989-2018)",unknown,[]
2006,tt0094514,Murphy Brown,(1988–2018),"
Comedy            ",44,18,nm0655128,Frank Pace,,,"producer (10 episodes, 1988-2018)",male,[]
2006,tt0094514,Murphy Brown,(1988–2018),"
Comedy            ",44,18,nm0676295,Steven Peterman,,"(26 episodes, 1989-2018)","supervising producer / executive producer / co-executive producer / producer (25 episodes, 1989-2018)",male,[]
2007,tt0094514,Murphy Brown,(1988–2018),"
Comedy            ",44,18,nm0941041,Russ Woody,,"(10 episodes, 1988-2018)",,male,[]
2007,tt0094514,Murphy Brown,(1988–2018),"
Comedy            ",44,18,nm0000298,Candice Bergen,,,"co-executive producer / executive producer (63 episodes, 1995-2018)",female,[]
2007,tt0094514,Murphy Brown,(1988–2018),"
Comedy            ",44,18,nm0781576,Tom Seeley,,"(16 episodes, 1989-2018)","co-executive producer / producer / co-producer (49 episodes, 1989-2018)",male,[]
2007,tt0094514,Murphy Brown,(1988–2018),"
Comedy            ",44,18,nm0005344,Joe Regalbuto,"(21 episodes, 1993-2018)",,,male,[]
2007,tt0094514,Murphy Brown,(1988–2018),"
Comedy            ",44,18,nm0257606,Diane English,,"(creator) (260 episodes, 1988-2018)","executive producer (26 episodes, 1988-2018)",female,[]
2007,tt0094514,Murphy Brown,(1988–2018),"
Comedy            ",44,18,nm0658479,Tom Palmer,,"(18 episodes, 1990-2018)","consulting producer / co-supervising producer / co-executive producer (37 episodes, 1990-2018)",male,[]
2007,tt0094514,Murphy Brown,(1988–2018),"
Comedy            ",44,18,nm0446060,Barnet Kellman,"(77 episodes, 1988-2018)",,,unknown,[]
2007,tt0094514,Murphy Brown,(1988–2018),"
Comedy            ",44,18,nm0281069,Marc Flanagan,,"(4 episodes, 1997-2018)","executive producer / consulting producer (24 episodes, 1997-2018)",male,[]
2007,tt0094514,Murphy Brown,(1988–2018),"
Comedy            ",44,18,nm0233108,Gary Dontzig,,"(26 episodes, 1989-2018)","supervising producer / executive producer / producer / co-executive producer (25 episodes, 1989-2018)",male,[]
2007,tt0094514,Murphy Brown,(1988–2018),"
Comedy            ",44,18,nm0795669,Joel Shukovsky,,,"executive producer / consulting executive producer (25 episodes, 1988-2018)",male,[]
2007,tt0094514,Murphy Brown,(1988–2018),"
Comedy            ",44,18,nm0348427,Norm Gunzenhauser,,"(17 episodes, 1989-2018)","co-executive producer / producer (46 episodes, 1989-2018)",unknown,[]
2007,tt0094514,Murphy Brown,(1988–2018),"
Comedy            ",44,18,nm0655128,Frank Pace,,,"producer (10 episodes, 1988-2018)",male,[]
2007,tt0094514,Murphy Brown,(1988–2018),"
Comedy            ",44,18,nm0676295,Steven Peterman,,"(26 episodes, 1989-2018)","supervising producer / executive producer / co-executive producer / producer (25 episodes, 1989-2018)",male,[]
2008,tt0094514,Murphy Brown,(1988–2018),"
Comedy            ",44,18,nm0941041,Russ Woody,,"(10 episodes, 1988-2018)",,male,[]
2008,tt0094514,Murphy Brown,(1988–2018),"
Comedy            ",44,18,nm0000298,Candice Bergen,,,"co-executive producer / executive producer (63 episodes, 1995-2018)",female,[]
2008,tt0094514,Murphy Brown,(1988–2018),"
Comedy            ",44,18,nm0781576,Tom Seeley,,"(16 episodes, 1989-2018)","co-executive producer / producer / co-producer (49 episodes, 1989-2018)",male,[]
2008,tt0094514,Murphy Brown,(1988–2018),"
Comedy            ",44,18,nm0005344,Joe Regalbuto,"(21 episodes, 1993-2018)",,,male,[]
2008,tt0094514,Murphy Brown,(1988–2018),"
Comedy            ",44,18,nm0257606,Diane English,,"(creator) (260 episodes, 1988-2018)","executive producer (26 episodes, 1988-2018)",female,[]
2008,tt0094514,Murphy Brown,(1988–2018),"
Comedy            ",44,18,nm0658479,Tom Palmer,,"(18 episodes, 1990-2018)","consulting producer / co-supervising producer / co-executive producer (37 episodes, 1990-2018)",male,[]
2008,tt0094514,Murphy Brown,(1988–2018),"
Comedy            ",44,18,nm0446060,Barnet Kellman,"(77 episodes, 1988-2018)",,,unknown,[]
2008,tt0094514,Murphy Brown,(1988–2018),"
Comedy            ",44,18,nm0281069,Marc Flanagan,,"(4 episodes, 1997-2018)","executive producer / consulting producer (24 episodes, 1997-2018)",male,[]
2008,tt0094514,Murphy Brown,(1988–2018),"
Comedy            ",44,18,nm0233108,Gary Dontzig,,"(26 episodes, 1989-2018)","supervising producer / executive producer / producer / co-executive producer (25 episodes, 1989-2018)",male,[]
2008,tt0094514,Murphy Brown,(1988–2018),"
Comedy            ",44,18,nm0795669,Joel Shukovsky,,,"executive producer / consulting executive producer (25 episodes, 1988-2018)",male,[]
2008,tt0094514,Murphy Brown,(1988–2018),"
Comedy            ",44,18,nm0348427,Norm Gunzenhauser,,"(17 episodes, 1989-2018)","co-executive producer / producer (46 episodes, 1989-2018)",unknown,[]
2008,tt0094514,Murphy Brown,(1988–2018),"
Comedy            ",44,18,nm0655128,Frank Pace,,,"producer (10 episodes, 1988-2018)",male,[]
2008,tt0094514,Murphy Brown,(1988–2018),"
Comedy            ",44,18,nm0676295,Steven Peterman,,"(26 episodes, 1989-2018)","supervising producer / executive producer / co-executive producer / producer (25 episodes, 1989-2018)",male,[]
2009,tt0094514,Murphy Brown,(1988–2018),"
Comedy            ",44,18,nm0941041,Russ Woody,,"(10 episodes, 1988-2018)",,male,[]
2009,tt0094514,Murphy Brown,(1988–2018),"
Comedy            ",44,18,nm0000298,Candice Bergen,,,"co-executive producer / executive producer (63 episodes, 1995-2018)",female,[]
2009,tt0094514,Murphy Brown,(1988–2018),"
Comedy            ",44,18,nm0781576,Tom Seeley,,"(16 episodes, 1989-2018)","co-executive producer / producer / co-producer (49 episodes, 1989-2018)",male,[]
2009,tt0094514,Murphy Brown,(1988–2018),"
Comedy            ",44,18,nm0005344,Joe Regalbuto,"(21 episodes, 1993-2018)",,,male,[]
2009,tt0094514,Murphy Brown,(1988–2018),"
Comedy            ",44,18,nm0257606,Diane English,,"(creator) (260 episodes, 1988-2018)","executive producer (26 episodes, 1988-2018)",female,[]
2009,tt0094514,Murphy Brown,(1988–2018),"
Comedy            ",44,18,nm0658479,Tom Palmer,,"(18 episodes, 1990-2018)","consulting producer / co-supervising producer / co-executive producer (37 episodes, 1990-2018)",male,[]
2009,tt0094514,Murphy Brown,(1988–2018),"
Comedy            ",44,18,nm0446060,Barnet Kellman,"(77 episodes, 1988-2018)",,,unknown,[]
2009,tt0094514,Murphy Brown,(1988–2018),"
Comedy            ",44,18,nm0281069,Marc Flanagan,,"(4 episodes, 1997-2018)","executive producer / consulting producer (24 episodes, 1997-2018)",male,[]
2009,tt0094514,Murphy Brown,(1988–2018),"
Comedy            ",44,18,nm0233108,Gary Dontzig,,"(26 episodes, 1989-2018)","supervising producer / executive producer / producer / co-executive producer (25 episodes, 1989-2018)",male,[]
2009,tt0094514,Murphy Brown,(1988–2018),"
Comedy            ",44,18,nm0795669,Joel Shukovsky,,,"executive producer / consulting executive producer (25 episodes, 1988-2018)",male,[]
2009,tt0094514,Murphy Brown,(1988–2018),"
Comedy            ",44,18,nm0348427,Norm Gunzenhauser,,"(17 episodes, 1989-2018)","co-executive producer / producer (46 episodes, 1989-2018)",unknown,[]
2009,tt0094514,Murphy Brown,(1988–2018),"
Comedy            ",44,18,nm0655128,Frank Pace,,,"producer (10 episodes, 1988-2018)",male,[]
2009,tt0094514,Murphy Brown,(1988–2018),"
Comedy            ",44,18,nm0676295,Steven Peterman,,"(26 episodes, 1989-2018)","supervising producer / executive producer / co-executive producer / producer (25 episodes, 1989-2018)",male,[]
2010,tt0094514,Murphy Brown,(1988–2018),"
Comedy            ",44,18,nm0941041,Russ Woody,,"(10 episodes, 1988-2018)",,male,[]
2010,tt0094514,Murphy Brown,(1988–2018),"
Comedy            ",44,18,nm0000298,Candice Bergen,,,"co-executive producer / executive producer (63 episodes, 1995-2018)",female,[]
2010,tt0094514,Murphy Brown,(1988–2018),"
Comedy            ",44,18,nm0781576,Tom Seeley,,"(16 episodes, 1989-2018)","co-executive producer / producer / co-producer (49 episodes, 1989-2018)",male,[]
2010,tt0094514,Murphy Brown,(1988–2018),"
Comedy            ",44,18,nm0005344,Joe Regalbuto,"(21 episodes, 1993-2018)",,,male,[]
2010,tt0094514,Murphy Brown,(1988–2018),"
Comedy            ",44,18,nm0257606,Diane English,,"(creator) (260 episodes, 1988-2018)","executive producer (26 episodes, 1988-2018)",female,[]
2010,tt0094514,Murphy Brown,(1988–2018),"
Comedy            ",44,18,nm0658479,Tom Palmer,,"(18 episodes, 1990-2018)","consulting producer / co-supervising producer / co-executive producer (37 episodes, 1990-2018)",male,[]
2010,tt0094514,Murphy Brown,(1988–2018),"
Comedy            ",44,18,nm0446060,Barnet Kellman,"(77 episodes, 1988-2018)",,,unknown,[]
2010,tt0094514,Murphy Brown,(1988–2018),"
Comedy            ",44,18,nm0281069,Marc Flanagan,,"(4 episodes, 1997-2018)","executive producer / consulting producer (24 episodes, 1997-2018)",male,[]
2010,tt0094514,Murphy Brown,(1988–2018),"
Comedy            ",44,18,nm0233108,Gary Dontzig,,"(26 episodes, 1989-2018)","supervising producer / executive producer / producer / co-executive producer (25 episodes, 1989-2018)",male,[]
2010,tt0094514,Murphy Brown,(1988–2018),"
Comedy            ",44,18,nm0795669,Joel Shukovsky,,,"executive producer / consulting executive producer (25 episodes, 1988-2018)",male,[]
2010,tt0094514,Murphy Brown,(1988–2018),"
Comedy            ",44,18,nm0348427,Norm Gunzenhauser,,"(17 episodes, 1989-2018)","co-executive producer / producer (46 episodes, 1989-2018)",unknown,[]
2010,tt0094514,Murphy Brown,(1988–2018),"
Comedy            ",44,18,nm0655128,Frank Pace,,,"producer (10 episodes, 1988-2018)",male,[]
2010,tt0094514,Murphy Brown,(1988–2018),"
Comedy            ",44,18,nm0676295,Steven Peterman,,"(26 episodes, 1989-2018)","supervising producer / executive producer / co-executive producer / producer (25 episodes, 1989-2018)",male,[]
2011,tt0094514,Murphy Brown,(1988–2018),"
Comedy            ",44,18,nm0941041,Russ Woody,,"(10 episodes, 1988-2018)",,male,[]
2011,tt0094514,Murphy Brown,(1988–2018),"
Comedy            ",44,18,nm0000298,Candice Bergen,,,"co-executive producer / executive producer (63 episodes, 1995-2018)",female,[]
2011,tt0094514,Murphy Brown,(1988–2018),"
Comedy            ",44,18,nm0781576,Tom Seeley,,"(16 episodes, 1989-2018)","co-executive producer / producer / co-producer (49 episodes, 1989-2018)",male,[]
2011,tt0094514,Murphy Brown,(1988–2018),"
Comedy            ",44,18,nm0005344,Joe Regalbuto,"(21 episodes, 1993-2018)",,,male,[]
2011,tt0094514,Murphy Brown,(1988–2018),"
Comedy            ",44,18,nm0257606,Diane English,,"(creator) (260 episodes, 1988-2018)","executive producer (26 episodes, 1988-2018)",female,[]
2011,tt0094514,Murphy Brown,(1988–2018),"
Comedy            ",44,18,nm0658479,Tom Palmer,,"(18 episodes, 1990-2018)","consulting producer / co-supervising producer / co-executive producer (37 episodes, 1990-2018)",male,[]
2011,tt0094514,Murphy Brown,(1988–2018),"
Comedy            ",44,18,nm0446060,Barnet Kellman,"(77 episodes, 1988-2018)",,,unknown,[]
2011,tt0094514,Murphy Brown,(1988–2018),"
Comedy            ",44,18,nm0281069,Marc Flanagan,,"(4 episodes, 1997-2018)","executive producer / consulting producer (24 episodes, 1997-2018)",male,[]
2011,tt0094514,Murphy Brown,(1988–2018),"
Comedy            ",44,18,nm0233108,Gary Dontzig,,"(26 episodes, 1989-2018)","supervising producer / executive producer / producer / co-executive producer (25 episodes, 1989-2018)",male,[]
2011,tt0094514,Murphy Brown,(1988–2018),"
Comedy            ",44,18,nm0795669,Joel Shukovsky,,,"executive producer / consulting executive producer (25 episodes, 1988-2018)",male,[]
2011,tt0094514,Murphy Brown,(1988–2018),"
Comedy            ",44,18,nm0348427,Norm Gunzenhauser,,"(17 episodes, 1989-2018)","co-executive producer / producer (46 episodes, 1989-2018)",unknown,[]
2011,tt0094514,Murphy Brown,(1988–2018),"
Comedy            ",44,18,nm0655128,Frank Pace,,,"producer (10 episodes, 1988-2018)",male,[]
2011,tt0094514,Murphy Brown,(1988–2018),"
Comedy            ",44,18,nm0676295,Steven Peterman,,"(26 episodes, 1989-2018)","supervising producer / executive producer / co-executive producer / producer (25 episodes, 1989-2018)",male,[]
2012,tt0094514,Murphy Brown,(1988–2018),"
Comedy            ",44,18,nm0941041,Russ Woody,,"(10 episodes, 1988-2018)",,male,[]
2012,tt0094514,Murphy Brown,(1988–2018),"
Comedy            ",44,18,nm0000298,Candice Bergen,,,"co-executive producer / executive producer (63 episodes, 1995-2018)",female,[]
2012,tt0094514,Murphy Brown,(1988–2018),"
Comedy            ",44,18,nm0781576,Tom Seeley,,"(16 episodes, 1989-2018)","co-executive producer / producer / co-producer (49 episodes, 1989-2018)",male,[]
2012,tt0094514,Murphy Brown,(1988–2018),"
Comedy            ",44,18,nm0005344,Joe Regalbuto,"(21 episodes, 1993-2018)",,,male,[]
2012,tt0094514,Murphy Brown,(1988–2018),"
Comedy            ",44,18,nm0257606,Diane English,,"(creator) (260 episodes, 1988-2018)","executive producer (26 episodes, 1988-2018)",female,[]
2012,tt0094514,Murphy Brown,(1988–2018),"
Comedy            ",44,18,nm0658479,Tom Palmer,,"(18 episodes, 1990-2018)","consulting producer / co-supervising producer / co-executive producer (37 episodes, 1990-2018)",male,[]
2012,tt0094514,Murphy Brown,(1988–2018),"
Comedy            ",44,18,nm0446060,Barnet Kellman,"(77 episodes, 1988-2018)",,,unknown,[]
2012,tt0094514,Murphy Brown,(1988–2018),"
Comedy            ",44,18,nm0281069,Marc Flanagan,,"(4 episodes, 1997-2018)","executive producer / consulting producer (24 episodes, 1997-2018)",male,[]
2012,tt0094514,Murphy Brown,(1988–2018),"
Comedy            ",44,18,nm0233108,Gary Dontzig,,"(26 episodes, 1989-2018)","supervising producer / executive producer / producer / co-executive producer (25 episodes, 1989-2018)",male,[]
2012,tt0094514,Murphy Brown,(1988–2018),"
Comedy            ",44,18,nm0795669,Joel Shukovsky,,,"executive producer / consulting executive producer (25 episodes, 1988-2018)",male,[]
2012,tt0094514,Murphy Brown,(1988–2018),"
Comedy            ",44,18,nm0348427,Norm Gunzenhauser,,"(17 episodes, 1989-2018)","co-executive producer / producer (46 episodes, 1989-2018)",unknown,[]
2012,tt0094514,Murphy Brown,(1988–2018),"
Comedy            ",44,18,nm0655128,Frank Pace,,,"producer (10 episodes, 1988-2018)",male,[]
2012,tt0094514,Murphy Brown,(1988–2018),"
Comedy            ",44,18,nm0676295,Steven Peterman,,"(26 episodes, 1989-2018)","supervising producer / executive producer / co-executive producer / producer (25 episodes, 1989-2018)",male,[]
2013,tt0094514,Murphy Brown,(1988–2018),"
Comedy            ",44,18,nm0941041,Russ Woody,,"(10 episodes, 1988-2018)",,male,[]
2013,tt0094514,Murphy Brown,(1988–2018),"
Comedy            ",44,18,nm0000298,Candice Bergen,,,"co-executive producer / executive producer (63 episodes, 1995-2018)",female,[]
2013,tt0094514,Murphy Brown,(1988–2018),"
Comedy            ",44,18,nm0781576,Tom Seeley,,"(16 episodes, 1989-2018)","co-executive producer / producer / co-producer (49 episodes, 1989-2018)",male,[]
2013,tt0094514,Murphy Brown,(1988–2018),"
Comedy            ",44,18,nm0005344,Joe Regalbuto,"(21 episodes, 1993-2018)",,,male,[]
2013,tt0094514,Murphy Brown,(1988–2018),"
Comedy            ",44,18,nm0257606,Diane English,,"(creator) (260 episodes, 1988-2018)","executive producer (26 episodes, 1988-2018)",female,[]
2013,tt0094514,Murphy Brown,(1988–2018),"
Comedy            ",44,18,nm0658479,Tom Palmer,,"(18 episodes, 1990-2018)","consulting producer / co-supervising producer / co-executive producer (37 episodes, 1990-2018)",male,[]
2013,tt0094514,Murphy Brown,(1988–2018),"
Comedy            ",44,18,nm0446060,Barnet Kellman,"(77 episodes, 1988-2018)",,,unknown,[]
2013,tt0094514,Murphy Brown,(1988–2018),"
Comedy            ",44,18,nm0281069,Marc Flanagan,,"(4 episodes, 1997-2018)","executive producer / consulting producer (24 episodes, 1997-2018)",male,[]
2013,tt0094514,Murphy Brown,(1988–2018),"
Comedy            ",44,18,nm0233108,Gary Dontzig,,"(26 episodes, 1989-2018)","supervising producer / executive producer / producer / co-executive producer (25 episodes, 1989-2018)",male,[]
2013,tt0094514,Murphy Brown,(1988–2018),"
Comedy            ",44,18,nm0795669,Joel Shukovsky,,,"executive producer / consulting executive producer (25 episodes, 1988-2018)",male,[]
2013,tt0094514,Murphy Brown,(1988–2018),"
Comedy            ",44,18,nm0348427,Norm Gunzenhauser,,"(17 episodes, 1989-2018)","co-executive producer / producer (46 episodes, 1989-2018)",unknown,[]
2013,tt0094514,Murphy Brown,(1988–2018),"
Comedy            ",44,18,nm0655128,Frank Pace,,,"producer (10 episodes, 1988-2018)",male,[]
2013,tt0094514,Murphy Brown,(1988–2018),"
Comedy            ",44,18,nm0676295,Steven Peterman,,"(26 episodes, 1989-2018)","supervising producer / executive producer / co-executive producer / producer (25 episodes, 1989-2018)",male,[]
2014,tt0094514,Murphy Brown,(1988–2018),"
Comedy            ",44,18,nm0941041,Russ Woody,,"(10 episodes, 1988-2018)",,male,[]
2014,tt0094514,Murphy Brown,(1988–2018),"
Comedy            ",44,18,nm0000298,Candice Bergen,,,"co-executive producer / executive producer (63 episodes, 1995-2018)",female,[]
2014,tt0094514,Murphy Brown,(1988–2018),"
Comedy            ",44,18,nm0781576,Tom Seeley,,"(16 episodes, 1989-2018)","co-executive producer / producer / co-producer (49 episodes, 1989-2018)",male,[]
2014,tt0094514,Murphy Brown,(1988–2018),"
Comedy            ",44,18,nm0005344,Joe Regalbuto,"(21 episodes, 1993-2018)",,,male,[]
2014,tt0094514,Murphy Brown,(1988–2018),"
Comedy            ",44,18,nm0257606,Diane English,,"(creator) (260 episodes, 1988-2018)","executive producer (26 episodes, 1988-2018)",female,[]
2014,tt0094514,Murphy Brown,(1988–2018),"
Comedy            ",44,18,nm0658479,Tom Palmer,,"(18 episodes, 1990-2018)","consulting producer / co-supervising producer / co-executive producer (37 episodes, 1990-2018)",male,[]
2014,tt0094514,Murphy Brown,(1988–2018),"
Comedy            ",44,18,nm0446060,Barnet Kellman,"(77 episodes, 1988-2018)",,,unknown,[]
2014,tt0094514,Murphy Brown,(1988–2018),"
Comedy            ",44,18,nm0281069,Marc Flanagan,,"(4 episodes, 1997-2018)","executive producer / consulting producer (24 episodes, 1997-2018)",male,[]
2014,tt0094514,Murphy Brown,(1988–2018),"
Comedy            ",44,18,nm0233108,Gary Dontzig,,"(26 episodes, 1989-2018)","supervising producer / executive producer / producer / co-executive producer (25 episodes, 1989-2018)",male,[]
2014,tt0094514,Murphy Brown,(1988–2018),"
Comedy            ",44,18,nm0795669,Joel Shukovsky,,,"executive producer / consulting executive producer (25 episodes, 1988-2018)",male,[]
2014,tt0094514,Murphy Brown,(1988–2018),"
Comedy            ",44,18,nm0348427,Norm Gunzenhauser,,"(17 episodes, 1989-2018)","co-executive producer / producer (46 episodes, 1989-2018)",unknown,[]
2014,tt0094514,Murphy Brown,(1988–2018),"
Comedy            ",44,18,nm0655128,Frank Pace,,,"producer (10 episodes, 1988-2018)",male,[]
2014,tt0094514,Murphy Brown,(1988–2018),"
Comedy            ",44,18,nm0676295,Steven Peterman,,"(26 episodes, 1989-2018)","supervising producer / executive producer / co-executive producer / producer (25 episodes, 1989-2018)",male,[]
2015,tt0094514,Murphy Brown,(1988–2018),"
Comedy            ",44,18,nm0941041,Russ Woody,,"(10 episodes, 1988-2018)",,male,[]
2015,tt0094514,Murphy Brown,(1988–2018),"
Comedy            ",44,18,nm0000298,Candice Bergen,,,"co-executive producer / executive producer (63 episodes, 1995-2018)",female,[]
2015,tt0094514,Murphy Brown,(1988–2018),"
Comedy            ",44,18,nm0781576,Tom Seeley,,"(16 episodes, 1989-2018)","co-executive producer / producer / co-producer (49 episodes, 1989-2018)",male,[]
2015,tt0094514,Murphy Brown,(1988–2018),"
Comedy            ",44,18,nm0005344,Joe Regalbuto,"(21 episodes, 1993-2018)",,,male,[]
2015,tt0094514,Murphy Brown,(1988–2018),"
Comedy            ",44,18,nm0257606,Diane English,,"(creator) (260 episodes, 1988-2018)","executive producer (26 episodes, 1988-2018)",female,[]
2015,tt0094514,Murphy Brown,(1988–2018),"
Comedy            ",44,18,nm0658479,Tom Palmer,,"(18 episodes, 1990-2018)","consulting producer / co-supervising producer / co-executive producer (37 episodes, 1990-2018)",male,[]
2015,tt0094514,Murphy Brown,(1988–2018),"
Comedy            ",44,18,nm0446060,Barnet Kellman,"(77 episodes, 1988-2018)",,,unknown,[]
2015,tt0094514,Murphy Brown,(1988–2018),"
Comedy            ",44,18,nm0281069,Marc Flanagan,,"(4 episodes, 1997-2018)","executive producer / consulting producer (24 episodes, 1997-2018)",male,[]
2015,tt0094514,Murphy Brown,(1988–2018),"
Comedy            ",44,18,nm0233108,Gary Dontzig,,"(26 episodes, 1989-2018)","supervising producer / executive producer / producer / co-executive producer (25 episodes, 1989-2018)",male,[]
2015,tt0094514,Murphy Brown,(1988–2018),"
Comedy            ",44,18,nm0795669,Joel Shukovsky,,,"executive producer / consulting executive producer (25 episodes, 1988-2018)",male,[]
2015,tt0094514,Murphy Brown,(1988–2018),"
Comedy            ",44,18,nm0348427,Norm Gunzenhauser,,"(17 episodes, 1989-2018)","co-executive producer / producer (46 episodes, 1989-2018)",unknown,[]
2015,tt0094514,Murphy Brown,(1988–2018),"
Comedy            ",44,18,nm0655128,Frank Pace,,,"producer (10 episodes, 1988-2018)",male,[]
2015,tt0094514,Murphy Brown,(1988–2018),"
Comedy            ",44,18,nm0676295,Steven Peterman,,"(26 episodes, 1989-2018)","supervising producer / executive producer / co-executive producer / producer (25 episodes, 1989-2018)",male,[]
2016,tt0094514,Murphy Brown,(1988–2018),"
Comedy            ",44,18,nm0941041,Russ Woody,,"(10 episodes, 1988-2018)",,male,[]
2016,tt0094514,Murphy Brown,(1988–2018),"
Comedy            ",44,18,nm0000298,Candice Bergen,,,"co-executive producer / executive producer (63 episodes, 1995-2018)",female,[]
2016,tt0094514,Murphy Brown,(1988–2018),"
Comedy            ",44,18,nm0781576,Tom Seeley,,"(16 episodes, 1989-2018)","co-executive producer / producer / co-producer (49 episodes, 1989-2018)",male,[]
2016,tt0094514,Murphy Brown,(1988–2018),"
Comedy            ",44,18,nm0005344,Joe Regalbuto,"(21 episodes, 1993-2018)",,,male,[]
2016,tt0094514,Murphy Brown,(1988–2018),"
Comedy            ",44,18,nm0257606,Diane English,,"(creator) (260 episodes, 1988-2018)","executive producer (26 episodes, 1988-2018)",female,[]
2016,tt0094514,Murphy Brown,(1988–2018),"
Comedy            ",44,18,nm0658479,Tom Palmer,,"(18 episodes, 1990-2018)","consulting producer / co-supervising producer / co-executive producer (37 episodes, 1990-2018)",male,[]
2016,tt0094514,Murphy Brown,(1988–2018),"
Comedy            ",44,18,nm0446060,Barnet Kellman,"(77 episodes, 1988-2018)",,,unknown,[]
2016,tt0094514,Murphy Brown,(1988–2018),"
Comedy            ",44,18,nm0281069,Marc Flanagan,,"(4 episodes, 1997-2018)","executive producer / consulting producer (24 episodes, 1997-2018)",male,[]
2016,tt0094514,Murphy Brown,(1988–2018),"
Comedy            ",44,18,nm0233108,Gary Dontzig,,"(26 episodes, 1989-2018)","supervising producer / executive producer / producer / co-executive producer (25 episodes, 1989-2018)",male,[]
2016,tt0094514,Murphy Brown,(1988–2018),"
Comedy            ",44,18,nm0795669,Joel Shukovsky,,,"executive producer / consulting executive producer (25 episodes, 1988-2018)",male,[]
2016,tt0094514,Murphy Brown,(1988–2018),"
Comedy            ",44,18,nm0348427,Norm Gunzenhauser,,"(17 episodes, 1989-2018)","co-executive producer / producer (46 episodes, 1989-2018)",unknown,[]
2016,tt0094514,Murphy Brown,(1988–2018),"
Comedy            ",44,18,nm0655128,Frank Pace,,,"producer (10 episodes, 1988-2018)",male,[]
2016,tt0094514,Murphy Brown,(1988–2018),"
Comedy            ",44,18,nm0676295,Steven Peterman,,"(26 episodes, 1989-2018)","supervising producer / executive producer / co-executive producer / producer (25 episodes, 1989-2018)",male,[]
2017,tt0094514,Murphy Brown,(1988–2018),"
Comedy            ",44,18,nm0941041,Russ Woody,,"(10 episodes, 1988-2018)",,male,[]
2017,tt0094514,Murphy Brown,(1988–2018),"
Comedy            ",44,18,nm0000298,Candice Bergen,,,"co-executive producer / executive producer (63 episodes, 1995-2018)",female,[]
2017,tt0094514,Murphy Brown,(1988–2018),"
Comedy            ",44,18,nm0781576,Tom Seeley,,"(16 episodes, 1989-2018)","co-executive producer / producer / co-producer (49 episodes, 1989-2018)",male,[]
2017,tt0094514,Murphy Brown,(1988–2018),"
Comedy            ",44,18,nm0005344,Joe Regalbuto,"(21 episodes, 1993-2018)",,,male,[]
2017,tt0094514,Murphy Brown,(1988–2018),"
Comedy            ",44,18,nm0257606,Diane English,,"(creator) (260 episodes, 1988-2018)","executive producer (26 episodes, 1988-2018)",female,[]
2017,tt0094514,Murphy Brown,(1988–2018),"
Comedy            ",44,18,nm0658479,Tom Palmer,,"(18 episodes, 1990-2018)","consulting producer / co-supervising producer / co-executive producer (37 episodes, 1990-2018)",male,[]
2017,tt0094514,Murphy Brown,(1988–2018),"
Comedy            ",44,18,nm0446060,Barnet Kellman,"(77 episodes, 1988-2018)",,,unknown,[]
2017,tt0094514,Murphy Brown,(1988–2018),"
Comedy            ",44,18,nm0281069,Marc Flanagan,,"(4 episodes, 1997-2018)","executive producer / consulting producer (24 episodes, 1997-2018)",male,[]
2017,tt0094514,Murphy Brown,(1988–2018),"
Comedy            ",44,18,nm0233108,Gary Dontzig,,"(26 episodes, 1989-2018)","supervising producer / executive producer / producer / co-executive producer (25 episodes, 1989-2018)",male,[]
2017,tt0094514,Murphy Brown,(1988–2018),"
Comedy            ",44,18,nm0795669,Joel Shukovsky,,,"executive producer / consulting executive producer (25 episodes, 1988-2018)",male,[]
2017,tt0094514,Murphy Brown,(1988–2018),"
Comedy            ",44,18,nm0348427,Norm Gunzenhauser,,"(17 episodes, 1989-2018)","co-executive producer / producer (46 episodes, 1989-2018)",unknown,[]
2017,tt0094514,Murphy Brown,(1988–2018),"
Comedy            ",44,18,nm0655128,Frank Pace,,,"producer (10 episodes, 1988-2018)",male,[]
2017,tt0094514,Murphy Brown,(1988–2018),"
Comedy            ",44,18,nm0676295,Steven Peterman,,"(26 episodes, 1989-2018)","supervising producer / executive producer / co-executive producer / producer (25 episodes, 1989-2018)",male,[]
2018,tt0094514,Murphy Brown,(1988–2018),"
Comedy            ",44,18,nm0941041,Russ Woody,,"(10 episodes, 1988-2018)",,male,[]
2018,tt0094514,Murphy Brown,(1988–2018),"
Comedy            ",44,18,nm1457646,Skander Halim,,"(13 episodes, 2018)",,unknown,[]
2018,tt0094514,Murphy Brown,(1988–2018),"
Comedy            ",44,18,nm0000298,Candice Bergen,,,"co-executive producer / executive producer (63 episodes, 1995-2018)",female,[]
2018,tt0094514,Murphy Brown,(1988–2018),"
Comedy            ",44,18,nm0781576,Tom Seeley,,"(16 episodes, 1989-2018)","co-executive producer / producer / co-producer (49 episodes, 1989-2018)",male,[]
2018,tt0094514,Murphy Brown,(1988–2018),"
Comedy            ",44,18,nm2721637,Brenda Teague,,,"associate producer (13 episodes, 2018)",female,[]
2018,tt0094514,Murphy Brown,(1988–2018),"
Comedy            ",44,18,nm0296945,Pamela Fryman,"(4 episodes, 2018)",,,female,[]
2018,tt0094514,Murphy Brown,(1988–2018),"
Comedy            ",44,18,nm0005344,Joe Regalbuto,"(21 episodes, 1993-2018)",,,male,[]
2018,tt0094514,Murphy Brown,(1988–2018),"
Comedy            ",44,18,nm2842124,Gina Ippolito,,"(13 episodes, 2018)",,female,[]
2018,tt0094514,Murphy Brown,(1988–2018),"
Comedy            ",44,18,nm0257606,Diane English,,"(creator) (260 episodes, 1988-2018)","executive producer (26 episodes, 1988-2018)",female,[]
2018,tt0094514,Murphy Brown,(1988–2018),"
Comedy            ",44,18,nm0658479,Tom Palmer,,"(18 episodes, 1990-2018)","consulting producer / co-supervising producer / co-executive producer (37 episodes, 1990-2018)",male,[]
2018,tt0094514,Murphy Brown,(1988–2018),"
Comedy            ",44,18,nm0446060,Barnet Kellman,"(77 episodes, 1988-2018)",,,unknown,[]
2018,tt0094514,Murphy Brown,(1988–2018),"
Comedy            ",44,18,nm0769135,Don Scardino,"(4 episodes, 2018)",,,male,[]
2018,tt0094514,Murphy Brown,(1988–2018),"
Comedy            ",44,18,nm0281069,Marc Flanagan,,"(4 episodes, 1997-2018)","executive producer / consulting producer (24 episodes, 1997-2018)",male,[]
2018,tt0094514,Murphy Brown,(1988–2018),"
Comedy            ",44,18,nm0233108,Gary Dontzig,,"(26 episodes, 1989-2018)","supervising producer / executive producer / producer / co-executive producer (25 episodes, 1989-2018)",male,[]
2018,tt0094514,Murphy Brown,(1988–2018),"
Comedy            ",44,18,nm0501185,Michael Lembeck,"(3 episodes, 2018)",,,male,[]
2018,tt0094514,Murphy Brown,(1988–2018),"
Comedy            ",44,18,nm1628310,Laura Krafft,,"(2 episodes, 2018)","co-producer (4 episodes, 2018)",female,[]
2018,tt0094514,Murphy Brown,(1988–2018),"
Comedy            ",44,18,nm0795669,Joel Shukovsky,,,"executive producer / consulting executive producer (25 episodes, 1988-2018)",male,[]
2018,tt0094514,Murphy Brown,(1988–2018),"
Comedy            ",44,18,nm0348427,Norm Gunzenhauser,,"(17 episodes, 1989-2018)","co-executive producer / producer (46 episodes, 1989-2018)",unknown,[]
2018,tt0094514,Murphy Brown,(1988–2018),"
Comedy            ",44,18,nm0655128,Frank Pace,,,"producer (10 episodes, 1988-2018)",male,[]
2018,tt0094514,Murphy Brown,(1988–2018),"
Comedy            ",44,18,nm0676295,Steven Peterman,,"(26 episodes, 1989-2018)","supervising producer / executive producer / co-executive producer / producer (25 episodes, 1989-2018)",male,[]
